code,name,chg_today,chg_60d,chg_ytd,up,down,leader,leader_code,turnover
BK1564,体育Ⅲ,-0.34,-35.51,-21.17,0,3,力盛体育,002858,1.78
BK1273,体育Ⅱ,-0.34,-35.51,-21.17,0,3,力盛体育,002858,1.78
BK1320,逆变器,3.1,-34.38,-13.21,9,1,德业股份,605117,4.03
BK1305,燃料电池,-1.17,-32.57,-34.27,0,1,亿华通-U,688339,0.9
BK1317,光伏加工设备,-0.05,-30.3,-3.23,5,6,拉普拉斯,688726,1.85
BK1341,房产租赁经纪,-1.03,-29.7,-17.45,0,3,世联行,002285,2.57
BK1621,锂,-2.33,-28.72,-0.83,0,8,赣锋锂业,002460,4.27
BK1323,综合电力设备商,-1.1,-27.87,-4.04,0,2,上海电气,601727,0.53
BK1313,风电零部件,-1.45,-27.62,-13.38,2,23,禾望电气,603063,2.04
BK1385,航天装备Ⅲ,-4.76,-27.24,-23.66,0,9,理工导航,688282,2.58
BK1232,航天装备Ⅱ,-4.76,-27.24,-23.66,0,9,理工导航,688282,2.58
BK1497,化妆品制造及其他,-1.61,-26.89,-22.28,4,4,锦盛新材,300849,2.21
BK1315,光伏电池组件,-0.39,-26.77,-11.05,4,17,琏升科技,300051,1.82
BK1032,风电设备,-1.59,-26.53,-15.49,3,27,禾望电气,603063,2.55
BK1304,锂电专用设备,-0.72,-26.3,-20.09,3,14,德新科技,603032,1.84
BK1031,光伏设备,0.37,-26.0,-11.91,27,40,琏升科技,300051,2.01
BK1015,能源金属,-3.19,-25.94,-0.99,0,11,赣锋锂业,002460,4.81
BK1592,通信线缆及配套,-0.93,-25.92,41.44,3,10,汇源通信,000586,6.24
BK1533,塑料包装,-0.88,-24.84,-12.48,4,5,珠海中富,000659,1.52
BK1622,镍,-5.32,-24.55,-35.54,0,1,华友钴业,603799,5.95
BK1517,食用菌,-1.86,-23.85,-5.82,0,4,博闻科技,600883,2.48
BK1388,大气治理,-1.11,-23.82,-7.76,0,7,德创环保,603177,1.99
BK1534,印刷,-0.71,-23.39,-32.14,1,3,强邦新材,001279,1.43
BK1556,教育运营及其他,-1.27,-23.22,-58.52,0,2,博瑞传播,600880,1.4
BK1589,通信应用增值服务,-0.25,-23.18,0.88,8,9,数据港,603881,3.59
BK1302,电池化学品,-1.05,-22.52,-6.76,7,37,尚太科技,001301,2.48
BK1316,光伏辅材,-0.37,-22.5,-11.07,5,13,赛伍技术,603212,1.52
BK1588,通信工程及服务,-0.46,-22.23,-13.57,6,13,ST信通,600289,3.2
BK1543,娱乐用品,-1.25,-21.98,-11.59,4,12,珠江钢琴,002678,2.57
BK1416,粘胶,-0.03,-21.76,-26.97,1,2,ST海龙,000677,2.32
BK0736,通信服务,-0.33,-21.34,-11.36,15,24,数据港,603881,0.71
BK1314,风电整机,-2.35,-21.11,-25.32,1,4,电气风电,688660,3.34
BK1516,其他种植业,-2.03,-20.96,-0.7,0,5,宏辉果蔬,603336,2.2
BK1200,电力设备,-0.58,-20.88,-2.85,102,302,长城科技,603897,2.61
BK1033,电池,-0.72,-20.87,-6.61,20,84,科达利,002850,2.68
BK1441,其他橡胶制品,-0.86,-20.65,-22.83,3,12,元创股份,001325,1.95
BK1375,光伏发电,0.22,-20.6,8.52,4,8,兆新股份,002256,2.78
BK1309,电网自动化设备,-1.16,-20.13,4.89,5,25,新风光,688663,1.55
BK1415,其他化学纤维,-0.88,-19.97,1.22,3,5,皖维高新,600063,2.34
BK1322,其他电源设备Ⅲ,0.57,-19.76,2.73,14,14,盛弘股份,300693,3.6
BK1310,配电设备,-1.55,-19.74,-0.85,2,26,维通利,001393,2.33
BK1266,文娱用品,-1.08,-19.64,-13.98,6,15,珠江钢琴,002678,2.18
BK1570,其他石化,-0.65,-19.61,-7.79,1,12,宇新股份,002986,1.51
BK1467,耐火材料,-1.57,-19.45,-18.21,1,8,鲁阳节能,002088,1.12
BK1526,底盘与发动机系统,0.34,-19.2,-19.43,46,63,秦安股份,603758,2.32
BK1361,期货,-1.26,-19.1,-19.99,0,4,弘业期货,001236,0.8
BK1454,其他黑色家电,-0.15,-18.87,-22.22,3,2,极米科技,688696,1.58
BK1519,电动乘用车,-1.11,-18.85,-33.12,0,3,北汽蓝谷,600733,1.06
BK1337,品牌消费电子,-0.3,-18.83,-11.7,4,7,影石创新,688775,1.61
BK1529,汽车电子电气系统,-0.06,-18.78,-15.65,13,28,新泉股份,603179,1.86
BK1307,电机Ⅲ,0.86,-18.74,-11.55,16,10,三协电机,920100,2.71
BK1030,电机Ⅱ,0.86,-18.74,-11.55,16,10,三协电机,920100,2.71
BK1459,清洁小家电,-1.01,-18.69,-23.47,3,6,富佳股份,603219,1.14
BK0457,电网设备,-1.28,-18.6,4.56,19,124,长城科技,603897,3.23
BK1384,航空装备Ⅲ,-1.81,-18.59,-19.91,3,46,爱乐达,300696,1.45
BK1231,航空装备Ⅱ,-1.81,-18.59,-19.91,3,46,爱乐达,300696,1.45
BK1312,线缆部件及其他,-0.77,-18.39,4.06,7,33,长城科技,603897,4.81
BK1311,输变电设备,-1.91,-18.24,10.11,4,27,顺钠股份,000533,3.8
BK1525,车身附件及饰件,0.41,-18.22,-20.03,21,20,福赛科技,301529,1.42
BK0481,汽车零部件,0.15,-18.16,-17.53,103,164,秦安股份,603758,1.94
BK1386,军工电子Ⅲ,-1.8,-18.16,-19.07,8,53,ST亚光,300123,2.91
BK1233,军工电子Ⅱ,-1.8,-18.16,-19.07,8,53,ST亚光,300123,2.91
BK1333,LED,-0.54,-18.09,-7.83,9,21,久量股份,300808,2.84
BK1215,通信,-0.21,-18.09,4.51,48,80,武汉凡谷,002194,1.7
BK1410,其他自动化设备,0.11,-18.05,20.15,15,15,田中精机,300461,2.57
BK1204,国防军工,-2.15,-18.03,-18.39,11,130,爱乐达,300696,2.21
BK1465,防水材料,-0.44,-18.03,8.91,1,2,凯伦股份,300715,1.65
BK1034,其他电源设备Ⅱ,0.63,-17.99,1.92,17,17,盛弘股份,300693,2.16
BK1306,蓄电池及其他电池,-0.5,-17.85,-7.76,2,8,ST南都,300068,4.4
BK1396,金属制品,-0.1,-17.75,-5.98,33,47,丰光精密,920510,3.86
BK1297,图片媒体,-1.09,-17.75,-23.73,0,1,视觉中国,000681,3.18
BK1536,综合包装,0.21,-17.66,-9.5,3,2,京华激光,603607,1.37
BK1318,光伏主材,-0.07,-17.63,-35.92,1,1,通威股份,600438,1.25
BK1463,水泥制品,-0.75,-17.53,-13.41,3,6,国统股份,002205,1.78
BK1528,其他汽车零部件,-0.02,-17.49,-13.52,18,37,朗博科技,603655,2.01
BK1571,油品石化贸易,-0.14,-17.44,5.87,2,4,泰山石油,000554,2.13
BK1018,橡胶,-0.73,-17.43,-18.02,5,18,联科科技,001207,2.25
BK1429,食品及饲料添加剂,-0.78,-17.42,-16.02,2,23,华业香料,300886,1.27
BK1368,钢铁管材,-1.19,-17.41,-22.85,0,3,新兴铸管,000778,1.05
BK1425,胶黏剂及胶带,-0.13,-17.4,-12.37,1,4,康达新材,002669,4.77
BK1265,包装印刷,-0.91,-17.36,-12.99,13,32,珠海中富,000659,1.94
BK1241,黑色家电,0.53,-17.28,-8.79,6,3,兆驰股份,002429,1.48
BK1590,其他通信设备,-0.51,-17.21,-14.31,4,9,震有科技,688418,2.12
BK1350,其他纺织,-0.49,-17.18,-11.71,4,11,华升股份,600156,1.62
BK1392,工程机械器件,-0.7,-17.17,-10.01,5,8,恒立液压,601100,1.24
BK1403,能源及重型设备,-0.23,-17.12,-13.38,17,44,创力集团,603012,1.61
BK0448,通信设备,-0.16,-16.81,5.94,33,56,武汉凡谷,002194,4.37
BK1540,其他家居用品,-0.01,-16.75,-6.14,10,15,丰林集团,601996,1.69
BK1478,装修装饰Ⅲ,1.83,-16.56,4.51,11,8,宝鹰股份,002047,2.26
BK0725,装修装饰Ⅱ,1.83,-16.56,4.51,11,8,宝鹰股份,002047,2.26
BK1355,运动服装,2.1,-16.51,-6.55,2,1,泰慕士,001234,4.26
BK1619,其他金属新材料,-2.62,-16.47,3.99,1,20,云路股份,688190,3.13
BK1414,锦纶,-2.18,-16.4,-13.44,0,5,聚合顺,605166,1.59
BK1620,钴,-5.55,-16.37,-9.78,0,2,腾远钴业,301219,6.82
BK1211,汽车,0.03,-16.31,-17.08,115,200,秦安股份,603758,1.54
BK1303,锂电池,-0.34,-16.23,2.4,8,24,科达利,002850,2.8
BK1469,涂料,-1.85,-16.05,-27.99,0,2,三棵树,603737,0.81
BK1387,环保设备Ⅲ,0.15,-15.96,7.92,10,16,神雾节能,000820,3.7
BK1234,环保设备Ⅱ,0.15,-15.96,7.92,10,16,神雾节能,000820,3.7
BK1477,其他专业工程,-0.99,-15.95,0.6,7,12,*ST中岩,002542,1.38
BK1539,定制家居,-1.04,-15.9,-16.93,3,13,森鹰窗业,301227,1.95
BK1261,种植业,-1.99,-15.75,-11.0,0,21,万向德农,600371,2.32
BK1291,电视广播Ⅲ,-0.24,-15.73,-16.03,6,6,吉视传媒,601929,1.2
BK1219,电视广播Ⅱ,-0.24,-15.73,-16.03,6,6,吉视传媒,601929,1.2
BK1395,机床工具,2.37,-15.71,1.1,14,5,华东数控,002248,4.02
BK1407,工控设备,-0.16,-15.68,-6.44,12,19,凯迪股份,605288,2.44
BK0471,化学纤维,-1.26,-15.54,-10.25,5,22,ST海龙,000677,1.45
BK1308,电工仪器仪表,-1.02,-15.51,-0.72,1,13,友讯达,300514,1.45
BK1591,通信网络设备及器件,0.15,-15.41,25.1,14,22,武汉凡谷,002194,4.18
BK1244,小家电,-0.43,-15.41,-15.24,8,15,彩虹集团,003023,1.0
BK1406,印刷包装机械,0.2,-15.37,-18.65,6,6,凯腾精工,920553,2.1
BK1444,IT服务Ⅲ,-0.21,-15.36,-10.83,36,95,鸿博股份,002229,3.52
BK1238,IT服务Ⅱ,-0.21,-15.36,-10.83,36,95,鸿博股份,002229,3.52
BK1391,综合环境治理,-0.94,-15.35,5.05,4,11,艾布鲁,301259,2.33
BK1453,彩电,1.39,-15.32,14.39,3,1,兆驰股份,002429,1.46
BK1574,油气开采Ⅲ,3.05,-15.16,13.0,4,1,中国海油,600938,2.84
BK1276,油气开采Ⅱ,3.05,-15.16,13.0,4,1,中国海油,600938,2.84
BK1293,营销代理,-0.73,-15.15,-5.73,6,20,三人行,605168,7.2
BK1404,农用机械,-1.6,-15.1,-16.87,0,9,天鹅股份,603029,1.58
BK1487,公路货运,-0.43,-15.06,-20.66,1,3,龙洲股份,002682,0.95
BK1364,资产管理,-0.24,-15.06,-28.13,1,3,四川双马,000935,0.71
BK1593,通信终端及配件,-0.02,-15.03,-9.54,12,15,中瓷电子,003031,3.73
BK1446,其他计算机设备,-0.68,-15.02,-11.22,19,43,恒银科技,603106,2.62
BK1262,乘用车,-1.07,-14.84,-33.29,0,9,海马汽车,000572,0.61
BK1374,风力发电,0.88,-14.84,8.1,4,11,立新能源,001258,1.82
BK1541,卫浴制品,-1.59,-14.77,-24.7,0,7,箭牌家居,001322,2.01
BK1452,卫浴电器,-0.66,-14.66,-23.9,0,3,奥普科技,603551,0.61
BK1456,其他家电Ⅲ,-1.44,-14.65,-25.09,1,2,荣泰健康,603579,2.27
BK1243,其他家电Ⅱ,-1.44,-14.65,-25.09,1,2,荣泰健康,603579,2.27
BK0735,计算机设备,-0.38,-14.62,-9.69,31,57,恒银科技,603106,2.25
BK1354,鞋帽及其他,0.52,-14.6,1.78,7,4,奥康国际,603001,2.84
BK1296,视频媒体,-0.99,-14.59,-33.23,0,1,芒果超媒,300413,1.22
BK1458,个护小家电,1.42,-14.56,-6.52,2,2,彩虹集团,003023,2.19
BK1470,房屋建设Ⅲ,0.43,-14.54,-16.34,2,5,宁波建工,601789,0.66
BK1246,房屋建设Ⅱ,0.43,-14.54,-16.34,2,5,宁波建工,601789,0.66
BK1342,房地产综合服务,-0.29,-14.53,-20.02,0,1,珠江股份,600684,1.42
BK1440,其他塑料制品,-0.65,-14.52,2.3,5,15,纳尔股份,002825,1.65
BK1426,聚氨酯,-1.77,-14.44,-9.43,2,8,高盟新材,300200,2.54
BK1555,专业连锁Ⅲ,0.26,-14.43,-18.1,2,5,爱施德,002416,3.09
BK1270,专业连锁Ⅱ,0.26,-14.43,-18.1,2,5,爱施德,002416,3.09
BK1474,钢结构,-0.67,-14.42,-5.94,1,8,海波重科,300517,1.22
BK1212,轻工制造,-0.61,-14.39,-10.83,47,118,林平发展,603284,1.8
BK1353,家纺,-0.92,-14.36,-11.07,1,5,真爱美家,003041,1.33
BK1037,消费电子,-0.13,-14.34,2.68,36,60,昀冢科技,688260,2.08
BK1383,航海装备Ⅲ,-2.88,-14.31,-9.38,0,10,中船防务,600685,2.03
BK1230,航海装备Ⅱ,-2.88,-14.31,-9.38,0,10,中船防务,600685,2.03
BK1417,纯碱,-0.61,-14.27,-10.89,1,4,山东海化,000822,2.03
BK1220,广告营销,-0.71,-14.25,-6.38,8,21,三人行,605168,4.54
BK1428,其他化学制品,-0.87,-14.15,1.94,21,57,日科化学,300214,3.34
BK1442,炭黑,-0.19,-14.12,-13.1,2,4,联科科技,001207,2.79
BK0910,专用设备,-0.14,-14.11,-4.48,66,132,同力天启,605286,2.11
BK1248,专业工程,-0.86,-14.1,-2.58,10,28,海波重科,300517,1.3
BK1237,自动化设备,0.21,-14.1,9.92,45,47,凯迪股份,605288,3.15
BK1475,国际工程,-1.05,-14.08,-15.04,0,4,中材国际,600970,1.04
BK1420,其他化学原料,-1.13,-13.98,-7.74,2,16,ST兴化,002109,1.24
BK1532,金属包装,-1.57,-13.97,1.3,1,6,华源控股,002787,2.16
BK1445,安防设备,0.36,-13.92,0.27,12,14,汉邦高科,300449,1.58
BK1338,消费电子零部件及组装,-0.11,-13.86,3.73,32,53,昀冢科技,688260,2.11
BK1045,房地产服务,-0.7,-13.86,-14.89,1,12,ST明诚,600136,1.83
BK1502,林业Ⅲ,1.07,-13.82,-22.76,2,2,*ST景谷,600265,3.96
BK1255,林业Ⅱ,1.07,-13.82,-22.76,2,2,*ST景谷,600265,3.96
BK0476,装修建材,-0.68,-13.75,-5.82,9,27,华立股份,603038,1.53
BK1252,化妆品,-1.13,-13.63,-14.68,6,10,锦盛新材,300849,2.09
BK1457,厨房小家电,-0.63,-13.54,-12.62,3,7,爱仕达,002403,0.76
BK1546,电商服务,-0.18,-13.52,3.25,2,6,若羽臣,003010,3.0
BK1535,纸包装,-1.05,-13.48,-13.68,4,16,上海艾录,301062,2.1
BK1527,轮胎轮毂,-0.58,-13.47,-18.38,5,16,海安集团,001233,1.33
BK1513,海洋捕捞,-0.94,-13.42,-22.73,0,2,中  鲁Ｂ,200992,1.49
BK1209,建筑装饰,-0.14,-13.42,-6.36,54,100,宝鹰股份,002047,1.13
BK1402,楼宇设备,1.14,-13.34,-8.48,8,6,同力天启,605286,1.19
BK1319,硅料硅片,1.99,-13.33,-0.31,3,2,华民股份,300345,3.37
BK1288,金属新材料,-2.07,-13.33,3.08,4,32,云路股份,688190,2.97
BK1409,激光设备,-0.52,-13.31,62.58,5,5,杰普特,688025,3.56
BK1299,影视动漫制作,2.18,-13.29,-15.81,8,6,北京文化,000802,4.29
BK1207,计算机,-0.17,-13.28,-10.71,120,229,天融信,002212,3.16
BK1455,家电零部件Ⅲ,-0.07,-13.17,-4.08,11,24,宏昌科技,301008,2.78
BK1242,家电零部件Ⅱ,-0.07,-13.17,-4.08,11,24,宏昌科技,301008,2.78
BK1205,机械设备,-0.14,-13.16,-1.5,216,386,蓝盾光电,300862,2.27
BK1331,数字芯片设计,0.52,-13.12,22.85,25,26,联芸科技,688449,3.95
BK1472,基建市政工程,-0.55,-13.09,-13.64,8,20,*ST正平,603843,0.6
BK1486,仓储物流,-0.83,-13.08,-13.25,0,5,恒基达鑫,002492,0.78
BK1289,大众出版,-1.02,-13.08,-8.22,4,14,新经典,603096,1.1
BK0728,环保,-0.29,-13.05,2.94,36,94,联泰环保,603797,1.72
BK1274,炼化及贸易,-0.8,-12.99,-0.41,4,25,中国石油,601857,0.29
BK1405,其他专用设备,-0.2,-12.98,-0.15,30,59,巨轮智能,002031,3.36
BK1336,其他电子Ⅲ,0.06,-12.97,12.55,15,18,洁美科技,002859,4.78
BK1223,其他电子Ⅱ,0.06,-12.97,12.55,15,18,洁美科技,002859,4.78
BK1515,粮食种植,-1.06,-12.94,-11.62,0,2,苏垦农发,601952,0.89
BK1468,其他建材Ⅲ,0.04,-12.94,1.37,7,9,华立股份,603038,1.86
BK1413,涤纶,-1.34,-12.93,-19.1,1,9,*ST三房,600370,0.84
BK1520,综合乘用车,-1.05,-12.91,-33.61,0,6,海马汽车,000572,0.47
BK1240,厨卫电器,-1.03,-12.87,-16.69,2,7,浙江美大,002677,1.34
BK1382,地面兵装Ⅲ,-2.81,-12.83,-17.08,0,12,ST应急,300527,2.81
BK1229,地面兵装Ⅱ,-2.81,-12.83,-17.08,0,12,ST应急,300527,2.81
BK1398,其他通用设备,-0.42,-12.82,-5.01,19,38,磁谷科技,688448,3.24
BK1378,其他能源发电,-0.44,-12.78,-6.12,0,2,长青集团,002616,0.62
BK1356,其他饰品,-0.07,-12.63,-7.07,1,1,ST瑞贝卡,600439,1.88
BK0545,通用设备,-0.1,-12.63,-0.98,92,157,蓝盾光电,300862,3.57
BK1471,工程咨询服务Ⅲ,-0.45,-12.5,-7.64,12,34,太极实业,600667,4.45
BK0726,工程咨询服务Ⅱ,-0.45,-12.5,-7.64,12,34,太极实业,600667,4.45
BK0440,家居用品,-0.56,-12.49,-10.01,21,55,丰林集团,601996,1.74
BK0739,工程机械,-0.99,-12.46,-10.0,8,26,华东重机,002685,1.47
BK1548,综合电商,-1.5,-12.41,-24.37,0,2,ST易购,002024,0.23
BK1235,环境治理,-0.4,-12.4,0.34,26,78,联泰环保,603797,1.44
BK1506,农业综合Ⅲ,-1.31,-12.35,-20.07,0,3,辉隆股份,002556,1.26
BK1257,农业综合Ⅱ,-1.31,-12.35,-20.07,0,3,辉隆股份,002556,1.26
BK1437,改性塑料,-1.01,-12.34,-0.66,4,17,江苏博云,301003,2.28
BK1451,厨房电器,-1.21,-12.3,-13.65,2,4,浙江美大,002677,1.8
BK1247,基础建设,-0.22,-12.27,-10.45,19,25,交投生态,002200,0.77
BK1573,油田服务,1.82,-12.17,10.05,7,1,科力股份,920088,1.2
BK1268,互联网电商,-0.94,-12.17,-3.13,3,15,若羽臣,003010,1.78
BK0464,石油石化,0.3,-12.15,1.4,18,30,通源石油,300164,0.57
BK0424,水泥,-1.25,-12.08,-15.9,6,17,国统股份,002205,1.23
BK1400,制冷空调设备,-0.56,-12.07,-1.9,4,14,佳力图,603912,3.14
BK1360,金融信息服务,-0.17,-12.05,-1.25,1,2,仁东控股,002647,4.54
BK1508,畜禽饲料,-0.74,-12.02,-18.74,2,7,邦基科技,603151,1.33
BK1334,光学元件,-0.33,-11.9,18.63,7,19,东田微,301183,3.85
BK1544,大宗用纸,1.17,-11.89,-14.81,4,6,林平发展,603284,1.17
BK1389,固废治理,-0.71,-11.89,3.92,7,27,劲旅环境,001230,1.42
BK1330,模拟芯片设计,0.13,-11.88,17.27,15,19,思瑞浦,688536,2.69
BK1370,特钢Ⅲ,-2.31,-11.86,-13.7,0,12,中信特钢,000708,1.01
BK1227,特钢Ⅱ,-2.31,-11.86,-13.7,0,12,中信特钢,000708,1.01
BK1371,铁矿石,-2.59,-11.86,-12.8,0,5,宝地矿业,601121,2.2
BK1373,电能综合服务,-0.19,-11.8,5.4,4,9,电投绿能,000875,1.27
BK1550,贸易Ⅲ,-0.64,-11.79,-15.88,2,11,苏豪时尚,600287,1.02
BK0484,贸易Ⅱ,-0.64,-11.79,-15.88,2,11,苏豪时尚,600287,1.02
BK0456,家用电器,-0.3,-11.77,-8.18,34,71,宏昌科技,301008,1.34
BK0738,多元金融,-0.69,-11.74,-18.79,5,21,仁东控股,002647,0.75
BK1222,影视院线,1.98,-11.73,-15.59,12,6,北京文化,000802,5.39
BK1579,保健品,-0.4,-11.69,-24.37,2,7,ST西王,000639,3.97
BK0454,塑料,-0.1,-11.61,4.11,23,52,双星新材,002585,3.87
BK1433,复合肥,-0.85,-11.55,-6.51,1,9,ST司特,002538,2.04
BK1566,检测服务,-1.67,-11.53,-3.49,2,21,信测标准,300938,2.11
BK1473,园林工程,0.35,-11.51,-6.1,11,5,交投生态,002200,2.38
BK1411,非金属材料Ⅲ,-1.26,-11.46,5.38,2,12,金博股份,688598,2.79
BK1020,非金属材料Ⅱ,-1.26,-11.46,5.38,2,12,金博股份,688598,2.79
BK1394,轨交设备Ⅲ,-0.59,-11.46,-6.16,5,24,九州一轨,688485,0.63
BK1236,轨交设备Ⅱ,-0.59,-11.46,-6.16,5,24,九州一轨,688485,0.63
BK1206,基础化工,-0.92,-11.44,-0.82,82,361,亚邦股份,603188,2.42
BK1436,农药,-1.55,-11.43,-10.14,2,30,辉丰股份,002496,1.63
BK0538,化学制品,-0.74,-11.42,-0.28,39,140,亚邦股份,603188,2.85
BK1447,垂直应用软件,-0.1,-11.35,-12.06,38,59,普联软件,300996,3.15
BK1567,其他专业服务,-0.67,-11.33,1.85,1,3,安邦护卫,603373,1.18
BK1584,熟食,-0.71,-11.29,1.79,1,2,紫燕食品,603057,1.06
BK1038,光学光电子,-0.36,-11.09,5.83,30,64,东田微,301183,3.1
BK0486,传媒,-0.22,-11.04,-8.34,39,86,北京文化,000802,3.11
BK1523,汽车经销商,-0.23,-10.85,-20.34,1,3,上海物贸,600822,0.78
BK1547,跨境电商,-1.55,-10.8,-1.08,1,7,华凯易佰,300592,5.07
BK1542,文化用品,-0.53,-10.79,-22.27,2,3,广博股份,002103,1.3
BK1346,住宅开发,0.82,-10.76,-5.57,33,25,京投发展,600683,1.74
BK0428,电力,-0.11,-10.74,13.55,30,75,兆新股份,002256,1.41
BK0731,农化制品,-1.84,-10.71,-5.43,3,58,ST司特,002538,2.21
BK1518,种子,-2.21,-10.69,-19.41,0,10,万向德农,600371,3.09
BK1581,预加工食品,-0.89,-10.66,-14.07,3,8,惠发食品,603536,2.55
BK1359,金融控股,-0.6,-10.62,-25.67,2,7,新力金融,600318,0.52
BK1627,综合Ⅲ,-0.02,-10.62,-11.66,4,17,亚泰集团,600881,2.3
BK1217,综合,-0.02,-10.62,-11.66,4,17,亚泰集团,600881,2.3
BK0539,综合Ⅱ,-0.02,-10.62,-11.66,4,17,亚泰集团,600881,2.3
BK1549,旅游零售Ⅲ,-0.7,-10.59,-35.12,0,1,珠免集团,600185,1.01
BK1269,旅游零售Ⅱ,-0.7,-10.59,-35.12,0,1,珠免集团,600185,1.01
BK1275,油服工程,1.68,-10.59,23.48,10,4,通源石油,300164,1.75
BK1599,其他医疗服务,-2.1,-10.55,-17.06,1,4,诺禾致源,688315,5.46
BK1363,信托,-1.03,-10.54,-11.78,0,3,陕国投Ａ,000563,0.66
BK1530,商用载货车,-0.72,-10.51,-12.3,2,6,江淮汽车,600418,1.13
BK0427,公用事业,-0.21,-10.46,9.25,39,95,兆新股份,002256,1.4
BK0737,软件开发,0.01,-10.39,-13.24,53,77,天融信,002212,3.34
BK1476,化学工程,-0.61,-10.33,-3.85,2,4,ST百利,603959,1.28
BK1614,铅锌,-3.03,-10.26,16.04,1,10,金徽股份,603132,4.55
BK1390,水务及水治理,0.07,-10.19,-2.51,15,33,联泰环保,603797,1.24
BK1379,热力服务,-1.04,-10.18,9.39,2,16,世茂能源,605028,2.78
BK1505,其他农产品加工,-2.18,-10.14,-16.67,0,12,东方海洋,002086,2.1
BK1225,服装家纺,0.61,-10.09,-2.73,30,27,乔治白,002687,1.61
BK1582,烘焙食品,-0.41,-10.09,-19.93,3,5,南侨食品,605339,0.92
BK1435,磷肥及磷化工,-2.92,-10.06,0.57,0,9,云天化,600096,2.27
BK1281,休闲食品,-0.89,-10.03,-12.29,5,17,紫燕食品,603057,1.43
BK1208,建筑材料,-0.82,-10.02,-0.83,18,56,华立股份,603038,2.0
BK1369,长材,-2.23,-10.01,-21.77,0,3,凌钢股份,600231,0.76
BK1432,氮肥,-2.07,-10.01,1.7,0,6,潞化科技,600691,4.01
BK1298,文字媒体,-1.63,-10.01,3.69,0,2,掌阅科技,603533,6.22
BK1381,燃气Ⅲ,-0.6,-9.99,5.09,9,20,首华燃气,300483,1.39
BK1028,燃气Ⅱ,-0.6,-9.99,5.09,9,20,首华燃气,300483,1.39
BK0479,钢铁,-1.5,-9.91,-14.15,2,41,杭钢股份,600126,0.96
BK1583,零食,-1.32,-9.91,-9.93,1,10,洽洽食品,002557,2.1
BK1577,啤酒,-0.58,-9.9,-5.01,1,6,燕京啤酒,000729,0.63
BK1264,商用车,-1.05,-9.9,-12.82,5,8,江淮汽车,600418,1.31
BK1351,印染,1.29,-9.87,3.81,3,1,迎丰股份,605055,2.09
BK1393,工程机械整机,-1.16,-9.85,-11.68,3,18,华东重机,002685,1.48
BK1258,饲料,-1.41,-9.85,-20.74,2,15,邦基科技,603151,1.55
BK1438,合成树脂,-0.81,-9.81,5.12,2,11,上纬新材,688585,7.02
BK1510,其他养殖,-0.4,-9.75,-25.18,1,2,华英农业,002321,1.2
BK1226,普钢,-0.95,-9.64,-19.94,1,21,杭钢股份,600126,0.92
BK1509,水产饲料,-2.24,-9.64,-15.46,0,4,海大集团,002311,2.09
BK1218,出版,-1.08,-9.57,-7.99,5,23,新经典,603096,0.92
BK1605,医疗设备,0.37,-9.54,-4.94,18,25,澳华内镜,688212,2.74
BK1554,商业物业经营,0.29,-9.54,-12.36,5,12,汇通能源,600605,1.14
BK1439,膜材料,1.85,-9.51,11.57,12,9,双星新材,002585,5.79
BK1613,铝,-1.82,-9.5,-4.21,0,30,永茂泰,605208,2.85
BK1267,造纸,0.16,-9.44,-7.28,7,16,林平发展,603284,1.62
BK0422,物流,-0.37,-9.42,-12.74,13,31,新宁物流,300013,0.85
BK1260,渔业,-1.03,-9.41,-17.14,0,6,中  鲁Ｂ,200992,2.27
BK1434,钾肥,-3.96,-9.37,9.09,0,4,亚钾国际,000893,1.54
BK1553,多业态零售,-0.23,-9.36,-18.22,5,9,ST文峰,601010,1.26
BK1490,原材料供应链服务,-0.47,-9.35,-13.22,4,8,广汇物流,600603,0.81
BK1035,美容护理,-0.92,-9.33,-15.31,10,22,锦盛新材,300849,1.73
BK1431,有机硅,-0.97,-9.31,-1.67,0,9,合盛硅业,603260,1.8
BK1558,学历教育,-1.16,-9.3,-29.4,0,2,国脉科技,002093,2.06
BK1401,纺织服装设备,-0.15,-9.29,7.08,5,8,宏华数科,688789,2.81
BK1202,房地产,0.37,-9.25,-7.6,44,51,京投发展,600683,1.52
BK1537,成品家居,-0.07,-9.2,-15.2,7,10,ST美克,600337,1.6
BK1618,磁性材料,-1.31,-9.2,0.52,3,12,铂科新材,300811,2.78
BK1280,食品加工,-0.55,-9.14,-17.22,7,20,ST西王,000639,2.6
BK1531,商用载客车,-1.65,-9.12,-14.42,3,2,曙光股份,600303,2.11
BK1213,商贸零售,-0.22,-9.1,-15.29,28,67,汇通能源,600605,1.63
BK1461,玻璃制造,-0.38,-9.07,-13.14,1,6,旗滨集团,601636,1.53
BK1488,跨境物流,-0.28,-8.99,-18.92,5,7,世盟股份,001220,0.69
BK1301,游戏Ⅲ,-0.09,-8.98,-12.03,4,19,文投控股,600715,3.13
BK1046,游戏Ⅱ,-0.09,-8.98,-12.03,4,19,文投控股,600715,3.13
BK0436,纺织服饰,0.11,-8.97,-5.52,44,62,金一文化,002721,2.13
BK1016,汽车服务,-0.04,-8.93,-14.52,2,4,浩物股份,000757,1.05
BK1019,化学原料,-1.33,-8.92,1.81,5,59,红星发展,600367,1.9
BK1327,分立器件,0.39,-8.82,38.63,10,8,*ST闻泰,600745,3.8
BK1572,油气及炼化工程,1.5,-8.82,42.29,3,3,通源石油,300164,2.99
BK1228,冶钢原料,-1.91,-8.67,-3.89,1,8,鄂尔多斯,600295,1.2
BK0451,房地产开发,0.55,-8.6,-6.21,43,39,京投发展,600683,1.5
BK1464,水泥制造,-1.58,-8.6,-17.45,3,11,尖峰集团,600668,1.14
BK1043,专业服务,-1.6,-8.58,-3.48,3,29,安邦护卫,603373,1.86
BK0478,有色金属,-3.03,-8.47,5.46,6,138,云路股份,688190,3.95
BK1279,非白酒,-0.55,-8.43,-8.47,3,14,ST椰岛,600238,0.83
BK1367,板材,-0.7,-8.29,-19.34,1,15,杭钢股份,600126,0.93
BK0433,农林牧渔,-1.2,-8.2,-14.02,13,98,朗源股份,300175,2.04
BK0458,仪器仪表,-0.19,-8.2,3.62,20,41,蓝盾光电,300862,2.73
BK1561,旅游综合,0.12,-8.12,-31.62,4,4,*ST西旅,000610,1.61
BK1294,门户网站,-0.25,-8.05,-0.46,2,7,*ST三六,300295,3.0
BK1224,纺织制造,-0.34,-8.05,-5.66,10,22,华利集团,300979,1.77
BK1377,火力发电,-0.2,-7.9,28.74,8,23,华能蒙电,600863,1.75
BK1427,民爆制品,-0.57,-7.89,-9.23,2,11,北化股份,002246,2.48
BK1448,横向通用软件,0.32,-7.86,-15.54,15,18,天融信,002212,3.76
BK1578,其他酒类,-0.53,-7.82,-11.33,2,8,ST椰岛,600238,1.04
BK1479,航空运输,-1.54,-7.8,-31.89,1,8,海控B股,900945,0.68
BK1492,焦炭Ⅲ,0.61,-7.59,-11.43,4,1,陕西黑猫,601015,1.8
BK1249,焦炭Ⅱ,0.61,-7.59,-11.43,4,1,陕西黑猫,601015,1.8
BK1352,非运动服装,0.77,-7.59,-2.52,20,17,乔治白,002687,1.35
BK1466,管材,-1.07,-7.57,-4.25,0,6,*ST顾地,002694,1.52
BK1598,疫苗,0.61,-7.53,-11.3,6,7,*ST康乐,920575,2.06
BK1443,橡胶助剂,-1.3,-7.52,10.98,0,2,阳谷华泰,300121,2.35
BK1603,体外诊断,-0.6,-7.52,-8.21,10,29,奥泰生物,688606,1.69
BK1256,农产品加工,-1.07,-7.49,-14.06,4,22,朗源股份,300175,2.21
BK1287,工业金属,-2.72,-7.48,1.4,1,57,金徽股份,603132,3.34
BK1408,机器人,1.28,-7.48,0.15,13,8,绿的谐波,688017,4.62
BK1221,数字媒体,-0.45,-7.47,2.28,4,11,*ST三六,300295,3.61
BK1376,核力发电,1.03,-7.46,0.21,3,0,电投产融,000958,0.3
BK1449,冰洗,-1.02,-7.45,-23.9,0,8,雪祺电气,001387,0.62
BK1545,特种纸,-0.77,-7.37,-0.36,3,10,安妮股份,002235,2.61
BK1601,医院,-1.78,-7.34,-2.33,1,12,通策医疗,600763,2.82
BK1559,餐饮,-0.43,-7.22,-20.11,1,2,全 聚 德,002186,1.59
BK0734,饰品,-0.8,-7.16,-16.44,4,13,金一文化,002721,4.48
BK1421,钛白粉,-2.08,-7.15,-5.18,0,6,安 纳 达,002136,1.69
BK1491,端到端供应链服务,0.19,-7.15,-15.37,2,5,新宁物流,300013,2.77
BK1568,人力资源服务,-0.91,-7.1,-15.85,0,2,外服控股,600662,0.54
BK0482,一般零售,0.06,-7.07,-17.66,21,35,汇通能源,600605,1.68
BK1496,洗护用品,-0.68,-7.04,-12.68,1,3,润本股份,603193,1.9
BK1624,其他小金属,-3.17,-7.02,15.07,0,15,华阳新材,600281,6.36
BK1041,医疗器械,-0.24,-7.01,-3.82,45,92,澳华内镜,688212,2.19
BK1300,院线,1.27,-6.87,-16.57,4,0,儒意电影,002739,10.66
BK1201,电子,-0.4,-6.86,26.65,170,333,洁美科技,002859,3.8
BK1214,社会服务,-0.95,-6.82,-10.92,16,69,*ST西旅,000610,2.21
BK1343,物业管理,-0.65,-6.79,-14.6,1,8,ST明诚,600136,1.4
BK0420,航空机场,-1.28,-6.68,-28.49,1,13,海控B股,900945,0.67
BK1357,钟表珠宝,-0.89,-6.57,-16.13,3,12,金一文化,002721,4.87
BK1332,电子化学品Ⅲ,-1.67,-6.5,53.75,4,33,菲沃泰,688371,6.63
BK1039,电子化学品Ⅱ,-1.67,-6.5,53.75,4,33,菲沃泰,688371,6.63
BK1422,无机盐,-1.13,-6.48,17.19,1,10,红星发展,600367,2.86
BK1292,广告媒体,-0.44,-6.44,-13.03,2,1,分众传媒,002027,1.11
BK1514,水产养殖,-1.11,-6.39,-12.98,0,4,獐子岛,002069,2.43
BK1418,氯碱,-1.41,-6.36,2.15,1,14,亚星化学,600319,1.54
BK1419,煤化工,-1.7,-6.33,19.11,0,9,华谊集团,600623,2.55
BK1251,个护用品,-0.93,-6.31,-17.11,3,10,润本股份,603193,1.48
BK1587,电信运营商,0.09,-6.19,-4.96,1,2,中国电信,601728,0.16
BK1504,粮油加工,-0.51,-6.18,-22.2,2,6,京粮B,200505,2.37
BK0438,食品饮料,-0.65,-6.12,-11.76,25,103,皇氏集团,002329,1.88
BK1495,生活用纸,-1.04,-6.11,-19.65,2,7,依依股份,001206,1.37
BK1597,血液制品,-0.24,-6.04,-21.1,2,4,博晖创新,300318,0.75
BK1460,照明设备Ⅲ,-0.15,-5.84,13.03,4,10,恒太照明,920339,1.0
BK1245,照明设备Ⅱ,-0.15,-5.84,13.03,4,10,恒太照明,920339,1.0
BK1335,面板,-0.24,-5.78,8.67,14,24,汇创达,300909,3.07
BK1507,宠物食品,-2.07,-5.78,-31.32,0,4,乖宝宠物,301498,3.17
BK1423,纺织化学制品,-0.27,-5.74,16.52,4,9,亚邦股份,603188,3.73
BK1500,医美耗材,-0.16,-5.71,-25.86,1,2,锦波生物,920982,1.32
BK1551,百货,-0.2,-5.63,-22.51,6,12,供销大集,000564,1.53
BK1210,交通运输,-0.71,-5.57,-9.05,29,101,大众交通,600611,0.71
BK1484,公交,1.64,-5.55,-15.5,5,2,大众交通,600611,5.45
BK1524,汽车综合服务,0.33,-5.52,5.5,1,1,浩物股份,000757,1.6
BK1616,白银,-3.22,-5.47,21.61,1,2,湖南白银,002716,15.08
BK1272,旅游及景区,-0.2,-5.35,-18.72,9,17,*ST西旅,000610,1.55
BK1344,产业地产,-0.23,-5.11,-15.67,4,9,市北高新,600604,0.9
BK1372,冶钢辅料,-1.07,-5.08,7.91,1,3,鄂尔多斯,600295,0.94
BK1562,人工景区,-0.18,-5.07,-18.08,1,4,大连圣亚,600593,1.14
BK1489,快递,-0.59,-4.97,11.4,1,3,圆通速递,600233,0.66
BK1586,软饮料,-1.05,-4.95,-1.65,1,7,欢乐家,300997,2.03
BK1480,机场,-0.81,-4.89,-19.61,0,5,深圳机场,000089,0.6
BK1485,铁路运输,-0.03,-4.85,-6.51,2,5,三羊马,001317,0.4
BK1271,酒店餐饮,-0.56,-4.75,-12.59,1,8,全 聚 德,002186,2.74
BK1604,医疗耗材,-0.47,-4.71,-1.05,17,38,海圣医疗,920166,2.2
BK1626,稀土,-4.81,-4.69,19.27,0,4,北方稀土,600111,3.92
BK1282,饮料乳品,0.06,-4.64,-7.96,7,20,皇氏集团,002329,1.96
BK1430,涂料油墨,0.93,-4.63,9.28,7,9,百合花,603823,3.77
BK1585,乳品,0.53,-4.59,-10.62,6,13,皇氏集团,002329,1.94
BK1503,果蔬加工,0.48,-4.47,4.5,2,4,朗源股份,300175,2.41
BK1253,医疗美容,-0.12,-4.33,-20.03,1,2,锦波生物,920982,1.06
BK1563,自然景区,-0.44,-4.19,-10.97,4,9,长白山,603099,1.91
BK1036,半导体,-0.48,-4.1,39.81,60,119,联芸科技,688449,4.35
BK0740,教育,-1.22,-4.08,-14.16,3,12,科德教育,300192,3.08
BK1365,租赁,-0.99,-3.81,-6.32,1,2,海南华铁,603300,0.74
BK1580,肉制品,-0.22,-3.75,-13.48,2,5,金字火腿,002515,1.89
BK0421,铁路公路,-0.04,-3.56,-7.42,12,23,大众交通,600611,0.63
BK1615,铜,-4.1,-3.27,-1.23,0,17,精艺股份,002295,3.44
BK1560,酒店,-0.65,-3.2,-7.55,0,6,锦江Ｂ股,900934,3.32
BK1290,教育出版,-1.18,-3.18,-8.1,1,9,浙版传媒,601921,0.7
BK1329,集成电路制造,0.37,-3.08,19.42,2,6,芯联集成-U,688469,3.77
BK1239,白色家电,-0.62,-3.08,-15.81,2,10,海信家电,000921,0.55
BK1481,港口,-0.87,-3.08,-1.24,1,16,招港B,201872,0.36
BK1538,瓷砖地板,-1.21,-3.0,9.16,1,10,海象新材,003011,1.66
BK1349,棉纺,-0.92,-2.93,-3.9,1,7,凤竹纺织,600493,1.95
BK1203,非银金融,-0.67,-2.87,-13.15,10,69,仁东控股,002647,0.6
BK1380,水力发电,-0.25,-2.85,15.95,5,6,电投水电,600292,0.49
BK1027,小金属,-3.95,-2.65,24.89,0,26,华阳新材,600281,5.12
BK1483,高速公路,-0.67,-2.62,-4.78,5,16,山东高速,600350,0.59
BK1259,养殖业,-0.65,-2.62,-8.3,4,18,益生股份,002458,2.06
BK0450,航运港口,-1.57,-2.5,3.09,3,34,海航科技,600751,0.76
BK1295,其他数字媒体,0.46,-2.45,36.4,2,0,风语筑,603466,7.25
BK1482,航运,-2.17,-2.42,4.78,2,18,海航科技,600751,1.48
BK1512,生猪养殖,-1.23,-2.4,-12.16,1,10,京基智农,000048,1.43
BK1576,调味发酵品Ⅲ,-1.21,-2.3,-2.59,1,14,安记食品,603696,2.85
BK1278,调味发酵品Ⅱ,-1.21,-2.3,-2.59,1,14,安记食品,603696,2.85
BK1501,动物保健Ⅲ,-1.65,-2.21,-6.61,1,11,回盛生物,300871,1.18
BK1254,动物保健Ⅱ,-1.65,-2.21,-6.61,1,11,回盛生物,300871,1.18
BK1498,品牌化妆品,-0.71,-2.12,-9.59,2,6,拉芳家化,603630,2.0
BK1499,医美服务,0.0,-2.03,-3.44,0,0,*ST美谷,000615,0.85
BK1347,纺织鞋类制造,5.83,-1.96,-25.92,1,0,华利集团,300979,0.55
BK1595,原料药,0.1,-1.68,5.26,16,27,科源制药,301281,3.24
BK1575,白酒Ⅲ,-1.17,-1.08,-20.69,2,18,金徽酒,603919,1.19
BK1277,白酒Ⅱ,-1.17,-1.08,-20.69,2,18,金徽酒,603919,1.19
BK1552,超市,0.79,-0.98,-20.42,5,2,步步高,002251,3.41
BK1397,磨具磨料,-1.13,-0.9,29.31,2,12,金太阳,300606,5.17
BK1511,肉鸡养殖,0.04,-0.86,2.57,2,6,益生股份,002458,6.05
BK1569,炼油化工,-1.41,-0.82,3.65,1,9,中国石油,601857,0.22
BK1345,商业地产,0.04,-0.72,-1.41,6,5,陆家嘴,600663,0.8
BK0465,化学制药,0.3,-0.66,-0.23,72,79,哈药股份,600664,4.38
BK0546,玻璃玻纤,-0.53,-0.4,25.58,3,12,国际复材,301526,3.87
BK1594,化学制剂,0.38,-0.29,-2.24,56,52,哈药股份,600664,4.69
BK1612,农商行Ⅲ,-0.55,-0.21,-3.76,2,8,渝农商行,601077,0.77
BK1216,医药生物,0.36,-0.17,0.08,220,273,百花医药,600721,3.51
BK1321,火电设备,1.96,-0.06,-8.88,3,1,龙源技术,300105,3.38
BK1607,医药流通,0.51,0.47,-8.63,15,7,开开实业,600272,3.29
BK1424,氟化工,-2.33,0.67,6.76,0,10,永太科技,002326,4.18
BK1340,印制电路板,-0.71,0.87,54.82,13,32,科翔股份,300903,6.3
BK1608,中药Ⅲ,0.31,1.22,-2.25,24,41,振东制药,300158,2.91
BK1040,中药Ⅱ,0.31,1.22,-2.25,24,41,振东制药,300158,2.91
BK1044,生物制品,0.75,1.23,0.17,31,27,甘李药业,603087,2.23
BK1358,保险Ⅲ,-1.64,1.25,-18.86,0,5,中国人保,601319,0.29
BK0474,保险Ⅱ,-1.64,1.25,-18.86,0,5,中国人保,601319,0.29
BK1521,摩托车,-0.4,1.27,-6.64,3,6,征和工业,003033,0.64
BK1557,培训教育,-1.22,1.41,1.69,3,8,科德教育,300192,3.74
BK1328,集成电路封测,-0.97,1.51,38.07,0,12,甬矽电子,688362,6.39
BK1042,医药商业,1.74,1.58,-6.92,23,7,老百姓,603883,3.59
BK0732,贵金属,-5.05,1.64,28.06,1,12,湖南白银,002716,7.34
BK1366,证券Ⅲ,-0.56,1.68,-9.91,5,43,国盛证券,002670,0.64
BK0473,证券Ⅱ,-0.56,1.68,-9.91,5,43,国盛证券,002670,0.64
BK0437,煤炭,0.07,1.71,17.3,19,12,新大洲A,000571,1.42
BK1263,摩托车及其他,-0.34,2.29,-9.11,5,15,九号公司-WD,689009,1.22
BK1283,银行,-0.24,2.65,0.13,12,26,厦门银行,601187,0.22
BK0475,银行Ⅱ,-0.24,2.65,0.13,12,26,厦门银行,601187,0.22
BK1522,其他运输设备,-0.28,3.03,-11.72,2,9,九号公司-WD,689009,2.73
BK1609,城商行Ⅲ,-0.2,3.29,5.51,4,11,厦门银行,601187,0.44
BK1623,钼,-4.42,3.35,38.26,0,3,国城矿业,000688,2.52
BK0459,元件,-0.19,3.45,56.62,25,39,达利凯普,301566,7.33
BK1617,黄金,-5.59,3.53,27.56,0,10,恒邦股份,002237,5.27
BK1610,股份制银行Ⅲ,-0.53,3.62,-4.92,1,7,招商银行,600036,0.3
BK1611,国有大型银行Ⅲ,0.59,3.89,-1.07,5,0,中国银行,601988,0.14
BK1494,焦煤,0.29,3.98,20.96,5,4,山西焦煤,000983,1.46
BK1493,动力煤,-0.28,4.04,28.15,10,7,新大洲A,000571,1.33
BK1250,煤炭开采,-0.07,4.15,25.38,15,11,新大洲A,000571,1.37
BK1606,线下药店,5.44,4.74,2.13,8,0,老百姓,603883,5.13
BK1602,诊断服务,-0.66,5.19,7.57,2,3,金域医学,603882,6.24
BK1596,其他生物制品,0.95,5.49,4.79,23,16,甘李药业,603087,3.38
BK1325,半导体材料,-2.23,5.65,73.07,4,27,清溢光电,688138,6.81
BK1462,玻纤制造,-0.69,6.92,100.38,2,6,国际复材,301526,6.48
BK1625,钨,-5.64,7.81,111.7,0,4,翔鹭钨业,002842,7.32
BK1450,空调,0.27,8.13,9.82,2,2,海信家电,000921,0.48
BK1339,被动元件,1.14,8.77,58.57,12,7,达利凯普,301566,10.53
BK1412,氨纶,-2.54,9.86,5.87,0,1,华峰化学,002064,0.79
BK1326,半导体设备,-1.96,14.32,88.79,4,21,托伦斯,301583,3.27
BK0727,医疗服务,0.91,14.6,20.19,25,27,百花医药,600721,4.79
BK1565,会展服务,-3.01,14.97,0.32,0,3,锋尚文化,300860,4.13
BK1348,辅料,-1.69,17.61,6.75,1,3,伟星股份,002003,2.11
BK1600,医疗研发外包,3.1,33.89,42.83,21,8,百花医药,600721,8.65
