date,TENCENT,AAPL,MSFT,GOOGL,AMZN,META,NVDA,TSLA,MAOTAI,LZLJ
2016-05-02,141.8737,23.1800,50.3900,36.2590,33.6975,119.4900,0.8832,14.3287,252.2200,23.5000
2016-05-09,142.9799,22.6300,51.0800,36.2415,35.4960,119.8100,1.0245,13.8407,250.9600,23.5000
2016-05-16,146.1142,23.8050,50.6200,36.0855,35.1400,117.3500,1.1083,14.6853,251.2600,23.8300
2016-05-23,157.8218,25.0875,52.3200,37.3800,35.6120,119.3800,1.1475,14.8693,252.4400,23.3800
2016-05-30,157.4531,24.4800,51.7900,36.7930,36.2770,118.4700,1.1620,14.5993,283.8900,25.5800
2016-06-06,161.4171,24.7075,51.4800,36.6595,35.8955,116.6200,1.1550,14.5860,274.2800,26.3000
2016-06-13,155.7016,23.8325,50.1300,35.2125,35.3195,113.0200,1.1680,14.3647,278.2600,28.7600
2016-06-20,160.2186,23.3500,49.8300,34.2600,34.9480,112.0800,1.1432,12.8767,273.7700,28.5700
2016-06-27,162.3389,23.9725,51.1600,35.5125,36.2840,114.1900,1.1665,14.4333,286.1700,29.8500
2016-07-04,163.1686,24.1700,52.3000,35.8890,37.2905,117.2400,1.2713,14.4520,309.9100,32.8000
2016-07-11,170.3591,24.6950,53.7000,36.7815,36.7720,116.8600,1.3175,14.6933,317.5200,32.5000
2016-07-18,170.7278,24.6650,56.5700,37.9640,37.2430,121.0000,1.3668,14.8180,307.9200,30.1200
2016-07-25,171.9262,26.0525,56.6800,39.5670,37.9405,123.9400,1.4275,15.6527,313.1500,32.4900
2016-08-01,170.1747,26.8700,57.9600,40.3465,38.2990,125.1500,1.4550,15.3353,305.9300,30.9200
2016-08-08,173.1246,27.0450,57.9400,40.3525,38.6280,124.8800,1.5760,15.0407,316.9700,31.1500
2016-08-15,186.0306,27.3400,57.6200,39.9825,37.8655,123.5600,1.5565,15.0000,306.4800,31.2900
2016-08-22,184.7400,26.7350,58.0300,39.6610,38.4500,124.9600,1.5508,14.6660,301.4500,31.0100
2016-08-29,186.0306,26.9325,57.6700,39.8435,38.6220,126.5100,1.5632,13.1853,305.7800,31.3700
2016-09-05,197.0929,25.7825,56.2100,39.4240,38.0070,127.1000,1.4880,12.9647,304.6300,31.0100
2016-09-12,193.4055,28.7300,57.2500,39.8985,38.9260,129.0700,1.5710,13.6933,299.5700,29.5000
2016-09-19,201.1491,28.1775,57.4300,40.7480,40.2875,127.9600,1.6237,13.8300,297.6800,30.7300
2016-09-26,196.3554,28.2625,57.6000,40.2030,41.8655,128.2700,1.7130,13.6020,297.9100,31.0800
2016-10-03,199.3054,28.5150,57.8000,40.0355,41.9715,128.9900,1.6712,13.1073,297.9100,31.0800
2016-10-10,192.6680,29.4075,57.4200,40.2300,41.1480,127.8800,1.6497,13.1007,305.6000,31.3600
2016-10-17,197.4617,29.1500,59.6600,41.2030,40.9495,132.0700,1.6885,13.3393,304.1900,31.6800
2016-10-24,191.7461,28.4300,59.8700,40.9780,38.8160,131.2900,1.7640,13.3313,317.0500,34.6100
2016-10-31,184.3713,27.2100,58.7100,39.0550,37.7525,120.7500,1.6892,12.7040,314.8200,34.1300
2016-11-07,184.3713,27.1075,59.0200,38.5875,36.9505,119.0200,2.1992,12.5707,315.0800,34.5000
2016-11-14,180.1308,27.5150,60.3500,38.7985,38.0080,117.0200,2.3340,12.3347,310.0000,33.2900
2016-11-21,177.9183,27.9475,60.5300,39.0115,39.0185,120.3800,2.3540,13.1100,316.8900,33.6500
2016-11-28,176.0746,27.4750,59.2500,38.2230,37.0170,115.4000,2.2113,12.0980,321.7700,33.6000
2016-12-05,173.4934,28.4875,61.9700,40.4725,38.4330,119.6800,2.2955,12.8120,337.8300,34.3200
2016-12-12,169.5294,28.9925,62.3000,40.4920,37.8885,119.8700,2.5103,13.4993,327.5800,32.9800
2016-12-19,165.6576,29.1300,63.2400,40.3900,38.0295,117.2700,2.7445,14.2227,320.0300,32.3900
2016-12-26,174.8762,28.9550,62.1400,39.6225,37.4935,115.0500,2.6685,14.2460,334.1500,33.0000
2017-01-02,179.8542,29.4775,62.8400,41.2605,39.7995,123.4100,2.5775,15.2673,350.7600,34.4300
2017-01-09,184.0947,29.7600,62.7000,41.5470,40.8570,128.3400,2.5858,15.8500,344.8700,33.1000
2017-01-16,182.2510,30.0000,62.7400,41.4085,40.4165,127.0400,2.6003,16.3153,354.9900,34.0800
2017-01-23,188.4275,30.4875,65.7800,42.2515,41.7885,132.1800,2.7943,16.8633,344.4200,33.6900
2017-01-30,188.9806,32.2700,63.6800,41.0065,40.5100,130.9800,2.8595,16.7553,346.8500,32.9000
2017-02-06,186.7681,33.0300,64.0000,41.7425,41.3730,134.1900,2.8405,17.9487,345.0800,34.7100
2017-02-13,195.6179,33.9300,64.6200,42.3275,42.2535,133.5300,2.6807,18.1487,350.5600,37.0000
2017-02-20,194.6961,34.1650,64.6200,42.3905,42.2620,135.4400,2.5365,17.1333,362.6200,38.3600
2017-02-27,191.0087,34.9450,64.2500,42.4540,42.4940,137.1700,2.4608,16.7713,356.5400,38.5000
2017-03-06,195.8023,34.7850,64.9300,43.0705,42.6230,138.7900,2.4780,16.2460,369.8500,39.5000
2017-03-13,204.6521,34.9975,64.8700,43.6185,42.6155,139.8400,2.6518,17.4333,378.4800,39.7700
2017-03-20,207.6021,35.1600,64.9800,41.7570,42.2805,140.3400,2.6867,17.5440,386.8200,42.0600
2017-03-27,205.3896,35.9150,65.8600,42.3900,44.3270,142.0500,2.7232,18.5533,386.3600,42.1900
2017-04-03,209.4458,35.8350,65.6800,42.1050,44.7440,140.7800,2.5082,20.1693,392.8700,41.5500
2017-04-10,212.5801,35.2625,64.9500,42.0090,44.2335,139.3900,2.3872,20.2667,395.4500,41.1600
2017-04-17,217.9269,35.5675,66.4000,42.9475,44.9265,143.6800,2.5420,20.3733,400.5300,45.6800
2017-04-24,224.3799,35.9125,68.4600,46.2260,46.2495,150.2500,2.6075,20.9380,413.4800,46.5000
2017-05-01,224.7486,37.2400,69.0000,47.5140,46.7075,150.2400,2.5965,20.5567,416.1900,45.4100
2017-05-08,238.0233,39.0250,68.3800,47.7570,48.0675,150.3300,3.1972,21.6540,413.4700,46.3300
2017-05-15,247.4263,38.2650,67.6900,47.7325,47.9920,148.0600,3.4000,20.7220,440.8200,47.2200
2017-05-22,256.2761,38.4025,69.9600,49.6635,49.7890,152.1300,3.5460,21.6760,451.9200,48.5300
2017-05-29,248.9012,38.8625,71.7600,49.8060,50.3365,153.6100,3.5910,22.6567,447.3100,47.4600
2017-06-05,255.7230,37.2450,70.3200,48.5060,48.9155,149.6000,3.7400,23.8213,465.7400,49.8500
2017-06-12,251.2981,35.5675,70.0000,47.9310,49.3855,150.6400,3.7905,24.7600,462.6300,49.3100
2017-06-19,258.3042,36.5700,71.2100,49.3045,50.1870,155.0700,3.8458,25.5633,472.7300,50.0400
2017-06-26,257.3823,36.0050,68.9300,46.4840,48.4000,150.9800,3.6140,24.1073,471.8500,50.5800
2017-07-03,247.9794,36.0450,69.4600,47.0405,48.9380,151.4400,3.6690,20.8813,445.9700,48.2500
2017-07-10,262.5447,37.2600,72.7800,48.8455,50.0905,159.9700,4.1238,21.8520,456.4100,49.1600
2017-07-17,273.7914,37.5675,73.7900,49.6920,51.2835,164.4300,4.2025,21.8933,473.2000,51.3800
2017-07-24,280.9818,37.3750,73.0400,47.9165,51.0020,172.4500,4.1097,22.3380,483.9200,55.1300
2017-07-31,287.0661,39.0975,72.6800,47.2895,49.3790,169.6200,4.1803,23.7940,473.6400,53.3500
2017-08-07,286.3286,39.3700,72.5000,46.5045,48.3995,168.0800,3.8990,23.8580,484.0600,56.5900
2017-08-14,300.3408,39.3750,72.4900,46.3090,47.9235,167.4100,4.0375,23.1640,489.6500,56.1000
2017-08-21,302.7377,39.9650,72.8200,46.5250,47.2630,166.3200,4.0953,23.2033,492.9900,53.9500
2017-08-28,300.7096,41.0125,73.9400,47.5995,48.9125,172.0200,4.2615,23.6933,495.1800,55.2500
2017-09-04,296.6534,39.6575,73.9800,47.0705,48.2950,170.9500,4.0922,22.8933,474.3700,51.5400
2017-09-11,312.3250,39.9700,75.3100,46.7645,49.3395,171.6400,4.5027,25.3207,489.8400,54.9900
2017-09-18,319.1467,37.9725,74.4100,47.1630,47.7550,170.5400,4.4750,23.4060,499.9300,55.6400
2017-09-25,309.9281,38.5300,74.4900,48.6860,48.0675,170.8700,4.4693,22.7400,517.6400,56.1000
2017-10-02,324.4935,38.8250,76.0000,49.6820,49.4790,172.2300,4.5325,23.7920,517.6400,56.1000
2017-10-09,321.9123,39.2475,77.4900,50.3935,50.1470,173.7400,4.8647,23.7047,556.1500,59.0000
2017-10-16,322.2810,39.0625,78.8100,50.2535,49.1455,174.9800,4.9225,23.0067,574.3300,58.0100
2017-10-23,320.6217,40.7625,83.8100,51.6835,55.0475,177.8800,5.0465,21.3913,649.6300,59.8000
2017-10-30,339.2432,43.1250,84.1400,52.4995,55.5800,178.9200,5.2172,20.4060,639.1700,64.9100
2017-11-06,355.2835,43.6675,83.8700,52.2075,56.2675,178.4600,5.4035,20.1993,677.9500,68.4900
2017-11-13,371.8769,42.5375,82.4000,51.7945,56.4940,179.0000,5.2840,21.0033,690.2500,69.0100
2017-11-20,383.3079,43.7425,83.2600,52.8260,59.3000,182.7800,5.4240,21.0367,630.0400,64.1600
2017-11-27,354.9147,42.7625,84.2600,51.2535,58.1175,175.1000,4.9420,20.4353,622.3500,60.0100
2017-12-04,363.2114,42.3425,84.1600,52.4690,58.1000,179.0000,4.7873,21.0087,627.2800,60.7000
2017-12-11,358.6022,43.4925,86.8500,53.6000,58.9570,180.1800,4.7890,22.8967,653.7900,65.0000
2017-12-18,374.0894,43.7525,85.5100,53.4430,58.4180,177.2000,4.8818,21.6800,682.9200,66.1200
2017-12-25,374.2737,42.3075,85.5400,52.6700,58.4735,176.4600,4.8375,20.7567,697.4900,66.0000
2018-01-01,399.3482,43.7500,88.1900,55.5145,61.4570,186.8500,5.3850,21.1053,738.3600,68.0500
2018-01-08,407.6449,44.2725,89.6000,56.5325,65.2600,179.3700,5.5745,22.4147,788.4200,71.0200
2018-01-15,417.0479,44.6150,90.0000,57.1750,64.7290,181.2900,5.7527,23.3347,750.1800,67.8900
2018-01-22,434.3788,42.8775,94.0600,59.3780,70.1025,190.0000,6.0833,22.8567,777.2200,68.9900
2018-01-29,417.0479,40.1250,91.7800,55.9600,71.4975,190.2800,5.8380,22.9167,740.4000,63.4000
2018-02-05,375.5643,39.1025,88.1800,52.3135,66.9800,176.1100,5.8020,20.6947,683.4300,55.4500
2018-02-12,412.0698,43.1075,92.0000,54.7750,72.4345,177.3600,6.0960,22.3660,718.4500,59.3000
2018-02-19,417.9697,43.8750,94.0600,56.4045,75.0000,183.2900,6.1483,23.4700,742.4800,61.8600
2018-02-26,401.9294,44.0525,93.0500,54.2070,75.0125,176.6200,5.9135,22.3413,736.4100,59.6900
2018-03-05,412.0698,44.9950,96.5400,58.0420,78.9445,185.2300,6.1333,21.8113,728.2000,59.8200
2018-03-12,428.8476,44.5050,94.6000,56.7210,78.5840,185.0900,6.2620,21.4233,739.8500,60.7800
2018-03-19,387.1797,41.2350,87.1800,51.3275,74.7780,159.3900,5.8243,20.1027,711.0600,56.9500
2018-03-26,377.5924,41.9450,91.2700,51.8570,72.3670,159.7900,5.7898,17.7420,683.6200,56.7500
2018-04-02,374.0894,42.0950,90.2300,50.4975,70.2615,157.2000,5.3562,19.9533,694.0100,60.7100
2018-04-09,376.1174,43.6825,93.0800,51.8020,71.5395,164.5200,5.7875,20.0227,686.8600,60.4100
2018-04-16,368.9269,41.4300,95.0000,53.8660,76.3745,166.2800,5.7178,19.3493,670.2600,60.4900
2018-04-23,358.0490,40.5800,95.8200,51.5725,78.6310,173.5900,5.6582,19.6053,662.5300,60.2300
2018-04-30,352.8867,45.9575,95.1600,52.5500,79.0475,176.6100,5.9765,19.6060,662.8700,60.6200
2018-05-07,376.8549,47.1475,97.7000,55.1690,80.1455,186.9900,6.3632,20.0707,718.0200,64.9000
2018-05-14,378.8830,46.5775,96.3600,53.4820,78.7185,182.6800,6.1485,18.4547,739.3200,65.9500
2018-05-21,372.4300,47.1450,98.3600,54.2040,80.5075,184.9200,6.2320,18.5900,716.8600,66.0500
2018-05-28,372.4300,47.5600,100.7900,56.7500,82.0770,193.9900,6.4405,19.4547,745.1100,67.6800
2018-06-04,382.5704,47.9250,101.6300,56.6355,84.1995,189.1000,6.5570,21.1773,777.9500,68.2900
2018-06-11,377.9612,47.2100,100.1300,57.9635,85.7985,195.8500,6.6315,23.8780,773.3300,67.2300
2018-06-18,366.3458,46.2300,100.4100,58.4645,85.7835,201.7400,6.2737,22.2420,766.5300,66.0500
2018-06-25,363.0271,46.2775,98.6100,56.4595,84.9900,194.3200,5.9225,22.8633,731.4600,60.8600
2018-07-02,356.3897,46.9925,101.1600,57.7540,85.5315,203.2300,6.1832,20.5933,714.1200,55.3400
2018-07-09,351.2273,47.8325,105.4300,60.2210,90.6515,207.3200,6.2330,21.2580,746.9900,60.4900
2018-07-16,347.1711,47.8600,106.2700,59.8940,90.6850,209.9400,6.2723,20.9053,741.1300,56.3700
2018-07-23,343.8524,47.7450,107.6800,62.6445,90.8635,174.8900,6.3005,19.8120,738.5600,56.2000
2018-07-30,322.4654,51.9975,108.0400,61.9080,91.1645,177.7800,6.3025,23.2113,678.9900,48.6800
2018-08-06,341.0869,51.8825,109.0000,62.6255,94.3150,180.2600,6.3698,23.6993,687.1800,49.0700
2018-08-13,310.6656,54.3950,107.5800,60.7925,94.1110,173.8000,6.1205,20.3667,634.8600,44.1100
2018-08-20,326.3372,54.0400,108.4000,61.8375,95.2695,174.6500,6.8055,21.5213,660.3000,45.2500
2018-08-27,313.4312,56.9075,112.3300,61.5900,100.6355,175.7300,7.0170,20.1107,659.1900,43.0900
2018-09-03,292.0441,55.3250,108.2100,58.8795,97.6035,163.0400,6.7965,17.5493,650.9700,41.0600
2018-09-10,304.2126,55.9600,113.3700,58.8990,98.5095,162.3200,6.9107,19.6800,642.9000,41.3800
2018-09-17,308.2688,54.4150,114.2600,58.6060,95.7505,162.9300,6.5862,19.9400,700.0100,47.3100
2018-09-24,297.9440,56.4350,114.3700,60.3540,100.1500,164.4600,7.0255,17.6513,730.0000,47.5100
2018-10-01,281.1662,56.0725,112.1300,58.3915,94.4825,157.3300,6.7465,17.4633,730.0000,47.5100
2018-10-08,265.8634,55.5275,109.5700,56.0270,89.4305,153.7400,6.1635,17.2520,668.0000,43.6500
2018-10-15,259.9635,54.8275,108.6600,55.2590,88.2015,154.0500,5.7292,17.3333,670.0000,43.2500
2018-10-22,239.6827,54.0750,106.9600,54.1875,82.1405,145.3700,4.9573,22.0600,610.1000,38.3600
2018-10-29,279.8756,51.8700,106.1600,53.5745,83.2765,150.3500,5.3730,23.0940,599.9000,41.0000
2018-11-05,257.3823,51.1175,109.5700,53.8510,85.6215,144.9600,5.1417,23.3673,562.0000,38.9700
2018-11-12,267.7071,48.3825,108.2900,53.4135,79.6705,139.5300,4.1108,23.6207,560.0000,40.2900
2018-11-19,268.4446,43.0725,103.0700,51.5050,75.1030,131.7300,3.6250,21.7220,556.9000,40.2300
2018-11-26,287.6192,44.6450,110.8900,55.4825,84.5085,140.6100,4.0858,23.3653,565.0000,41.0000
2018-12-03,286.3286,42.1225,104.8200,52.3290,81.4565,137.4200,3.6902,23.8647,587.0000,42.6100
2018-12-10,284.6693,41.3700,106.0300,52.5855,79.5955,144.0600,3.6613,24.3807,592.9600,43.2000
2018-12-17,290.5692,37.6825,98.2300,49.5625,68.8725,124.9500,3.2392,21.3180,567.4100,39.6800
2018-12-24,285.7755,39.0575,100.3900,52.3340,73.9010,133.2000,3.3412,22.2580,590.0100,40.6600
2018-12-31,286.3286,37.0650,101.9300,53.9035,78.7695,137.9500,3.4048,21.1793,602.0000,38.9700
2019-01-07,305.3188,38.0725,102.8000,53.2235,82.0280,143.8000,3.7208,23.1507,635.8800,39.3000
2019-01-14,310.6656,39.2050,107.7100,55.3650,84.8100,150.0400,3.9232,20.1507,683.6100,42.2000
2019-01-21,316.9342,39.4400,107.1700,55.0755,83.5285,149.0100,4.0037,19.8027,679.7000,42.7200
2019-01-28,320.8060,41.6300,102.7800,55.9310,81.3115,165.7100,3.6182,20.8140,692.6700,43.7500
2019-02-04,318.5936,42.6025,105.6700,55.1190,79.4110,167.3300,3.7043,20.3867,692.6700,43.7500
2019-02-11,307.7157,42.6050,108.2200,55.9815,80.3975,162.5000,3.9335,20.5253,724.7800,47.7000
2019-02-18,317.1186,43.2425,110.9700,55.8280,81.5780,161.8900,3.9797,19.6473,726.0100,50.1000
2019-02-25,309.9281,43.7425,112.5300,57.4260,83.5865,162.2800,3.9113,19.6527,789.3000,53.4900
2019-03-04,319.8842,43.2275,110.5100,57.4985,81.0400,169.6000,3.7660,18.9427,737.5000,49.8800
2019-03-11,330.9465,46.5300,115.9100,59.5150,85.6180,165.9800,4.2453,18.3620,777.3000,53.2700
2019-03-18,336.4776,47.7625,117.0500,60.3825,88.2385,164.3400,4.4375,17.6353,794.0000,61.0300
2019-03-25,332.7902,47.4875,117.9400,58.8445,89.0375,166.6900,4.4890,18.6573,853.9900,66.5800
2019-04-01,346.6180,49.2500,119.8900,60.5725,91.8640,175.7200,4.7737,18.3307,865.0000,67.9000
2019-04-08,363.0271,49.7175,120.9500,61.1365,92.1530,179.1000,4.7502,17.8467,914.0000,69.6000
2019-04-15,360.9990,50.9650,123.3700,62.0735,93.0845,178.2800,4.6575,18.2173,952.5600,69.1400
2019-04-22,353.9929,51.0750,129.8900,63.8710,97.5315,191.4900,4.4523,15.6760,945.0000,75.4300
2019-04-29,357.4959,52.9375,128.9000,59.4775,98.1230,195.4700,4.5753,17.0020,974.0000,77.8800
2019-05-06,352.1492,49.2950,127.1300,58.3820,94.4990,188.3400,4.2205,15.9680,907.1200,71.8100
2019-05-13,327.9965,47.2500,128.0700,58.4390,93.4500,185.3000,3.9132,14.0687,906.7900,77.3500
2019-05-20,299.4190,44.7425,126.2400,56.9305,91.1640,181.0600,3.6288,12.7087,878.5000,72.2000
2019-05-27,300.5252,43.7675,123.6800,55.3250,88.7535,177.4700,3.3865,12.3440,890.0000,70.6300
2019-06-03,304.5814,47.5375,131.4000,53.4185,90.2015,173.3500,3.6375,13.6333,862.1300,66.8000
2019-06-10,304.2126,48.1850,132.4500,54.3150,93.4835,181.3300,3.6160,14.3280,913.0000,70.2400
2019-06-17,326.7059,49.6950,136.9700,56.2685,95.5650,191.1400,3.7940,14.7907,976.3000,75.8000
2019-06-24,325.0466,49.4800,133.9600,54.1400,94.6815,193.0000,4.1058,14.8973,984.0000,80.8300
2019-07-01,331.6840,51.0575,137.0600,56.6335,97.1455,196.4000,4.0058,15.5400,999.8200,84.9000
2019-07-08,327.2590,50.8250,138.9000,57.2670,100.5500,204.8700,4.1902,16.3387,986.0900,88.4500
2019-07-15,333.5276,50.6475,136.6200,56.5775,98.2260,198.3600,4.2110,17.2120,955.8700,84.4500
2019-07-22,341.2713,51.9350,141.3400,62.2610,97.1525,199.7500,4.3767,15.2027,965.0300,82.2100
2019-07-29,327.9965,51.0050,136.9000,59.8160,91.1620,189.0200,4.0297,15.6227,954.4500,79.8100
2019-08-05,311.9562,50.2475,137.7100,59.4450,90.3790,187.8500,3.8545,15.6673,962.0300,77.3800
2019-08-12,300.8940,51.6250,136.1300,58.9605,89.6285,183.7000,3.9890,14.6627,1054.6000,86.0000
2019-08-19,308.0844,50.6600,133.3900,57.6790,87.4810,177.7500,4.0610,14.0933,1130.1000,88.6900
2019-08-26,299.4190,52.1850,137.8600,59.5265,88.8145,185.6700,4.1877,15.0407,1142.0000,96.8800
2019-09-02,316.5655,53.3150,139.1000,60.3160,91.6755,187.4900,4.4662,15.1633,1142.4900,94.0300
2019-09-09,322.2810,54.6875,137.3200,62.0015,91.9670,187.1900,4.5485,16.3467,1099.0000,88.8900
2019-09-16,311.2188,54.4325,139.4400,61.4920,89.7080,189.9300,4.3172,16.0413,1157.4200,89.0000
2019-09-23,303.6595,54.7050,137.7300,61.2975,86.2725,177.1000,4.2940,16.1420,1174.7500,87.2200
2019-09-30,297.5753,56.7525,138.1200,60.5480,86.9825,180.4500,4.5493,15.4287,1150.0000,85.2200
2019-10-07,299.4190,59.0525,139.6800,60.7855,86.5960,184.1900,4.6498,16.5260,1174.6000,87.6700
2019-10-14,305.1345,59.1025,137.4100,62.2205,87.8755,185.8500,4.7622,17.1300,1175.7900,84.5000
2019-10-21,291.8597,61.6450,140.7300,63.2150,88.0665,187.8900,5.1135,21.8753,1171.3500,83.0000
2019-10-28,296.4690,63.9550,143.7200,63.6125,89.5720,193.6200,5.0648,20.8873,1185.0000,88.2000
2019-11-04,301.6314,65.0350,145.9600,65.4500,89.2940,190.8400,5.1945,22.4760,1205.0000,85.6200
2019-11-11,294.9940,66.4400,149.9700,66.6770,86.9745,195.1000,5.1048,23.4780,1224.9000,85.2100
2019-11-18,307.5313,65.4450,149.5900,64.6835,87.2860,198.8200,5.2723,22.2027,1194.0000,84.2000
2019-11-25,305.8720,66.8125,151.3800,65.2045,90.0400,201.6400,5.4185,21.9960,1129.0000,81.7500
2019-12-02,309.3750,67.6775,151.7500,66.9695,87.5800,201.0500,5.3042,22.3927,1170.0000,82.5900
2019-12-09,332.7902,68.7875,154.5300,67.3435,88.0470,194.1100,5.5998,23.8927,1163.0000,82.0000
2019-12-16,345.8806,69.8600,157.4100,67.5610,89.3250,206.3000,5.9843,27.0393,1146.3000,82.1500
2019-12-23,353.9929,72.4500,158.9600,67.7320,93.4900,208.1000,5.9218,28.6920,1163.0000,81.7100
2019-12-30,353.0710,74.3575,158.6200,68.0760,93.7485,208.6700,5.9018,29.5340,1078.5601,85.7900
2020-01-06,367.4520,77.5825,161.3400,71.4480,94.1580,218.0600,6.1080,31.8767,1112.5000,90.5000
2020-01-13,367.8207,79.6825,167.1000,73.9760,93.2360,222.1400,6.2320,34.0333,1107.5000,91.8000
2020-01-20,355.6522,79.5775,165.0400,73.3085,93.0820,217.9400,6.2620,37.6547,1052.8000,82.6500
2020-01-27,343.8524,77.3775,170.2300,71.6390,100.4360,201.9100,5.9107,43.3713,1052.8000,82.9800
2020-02-03,370.9550,80.0075,183.8900,73.9555,103.9640,212.3300,6.2898,49.8713,1076.0000,74.7600
2020-02-10,382.5704,81.2375,185.3500,75.9365,106.7435,214.1800,7.2448,53.3353,1088.0000,77.7200
2020-02-17,369.6644,78.2625,178.5900,74.1730,104.7985,210.1800,7.3517,60.0667,1112.8800,82.6900
2020-02-24,355.8366,68.3400,162.0100,66.9625,94.1875,192.4700,6.7517,44.5327,1057.0000,74.8000
2020-03-02,364.8708,72.2575,161.5700,64.7870,95.0545,181.0900,6.6510,46.8987,1155.5000,81.3800
2020-03-09,336.4776,69.4925,158.8300,60.7135,89.2500,170.2800,6.0210,36.4413,1112.0300,78.9200
2020-03-16,331.4996,57.3100,137.3500,53.4105,92.3045,149.7300,5.1438,28.5020,1035.2800,68.9800
2020-03-23,352.5179,61.9350,149.7000,55.5130,95.0050,156.7900,6.3183,34.2907,1075.5000,74.5000
2020-03-30,346.9868,60.3525,153.8300,54.6350,95.3295,154.1800,6.0978,32.0007,1139.7900,74.2900
2020-04-06,360.8146,66.9975,165.1400,60.3285,102.1380,175.1900,6.5738,38.2000,1165.0000,76.8400
2020-04-13,377.5924,70.7000,178.6000,63.9500,118.7500,179.2400,7.3080,50.2593,1226.0000,78.3100
2020-04-20,374.6425,70.7425,174.5500,63.8300,120.5110,190.0700,7.2397,48.3433,1250.5601,77.8800
2020-04-27,384.4142,72.2675,174.5700,65.8660,114.3020,202.2700,7.0695,46.7547,1265.7000,79.1900
2020-05-04,385.5204,77.5325,184.6800,69.2170,118.9805,212.3500,7.8125,54.6280,1314.6100,81.5900
2020-05-11,388.2859,76.9275,183.1600,68.6530,120.4890,210.8800,8.4908,53.2780,1313.0000,87.4900
2020-05-18,380.1736,79.7225,183.5100,70.6620,121.8440,234.9100,9.0262,54.4587,1328.2000,84.1000
2020-05-25,378.3299,79.4850,183.2500,71.6760,122.1185,225.0900,8.8755,55.6667,1366.6000,85.3000
2020-06-01,400.2701,82.8750,187.2000,72.0010,124.1500,230.7700,8.9200,59.0440,1425.0000,93.5600
2020-06-08,406.5387,84.7000,187.7400,70.6460,127.2510,228.5800,8.9325,62.3520,1416.3700,94.7200
2020-06-15,424.4227,87.4300,195.1500,71.2320,133.7505,238.7900,9.2612,66.7267,1439.8400,91.9200
2020-06-22,447.1004,88.4075,196.3300,68.1270,134.6435,216.0800,9.1550,63.9827,1460.0100,92.4800
2020-06-29,483.5137,91.0275,206.2600,73.4965,144.5150,233.4200,9.6123,80.5773,1541.7900,110.1000
2020-07-06,503.7946,95.9200,213.6700,76.9505,160.0000,245.0700,10.4792,102.9767,1713.8500,121.4700
2020-07-13,480.2872,96.3275,202.8800,75.8425,148.0985,242.0300,10.2015,100.0560,1648.0500,114.0100
2020-07-20,486.7402,92.6150,201.3000,75.4105,150.4455,230.7100,10.1945,94.4667,1595.3000,113.9400
2020-07-27,492.2713,106.2600,205.0100,74.3975,158.2340,253.6700,10.6147,95.3840,1678.1801,118.0200
2020-08-03,486.2793,111.1125,212.4800,74.9185,158.3730,268.4400,11.1995,96.8473,1631.0000,111.1600
2020-08-10,466.9203,114.9075,208.9000,75.2315,157.4010,261.2400,11.5640,110.0473,1661.0000,117.6000
2020-08-17,477.5216,124.3700,213.0200,78.7785,164.2360,267.0100,12.6835,136.6653,1676.0000,127.9500
2020-08-24,498.2634,124.8075,228.9100,81.9715,170.0900,293.6600,13.1477,147.5600,1757.0000,151.4900
2020-08-31,477.5216,120.9600,214.2500,79.0605,164.7310,282.7300,12.6225,139.4400,1770.0000,152.3800
2020-09-07,475.6779,112.0000,204.0300,75.7880,155.8110,266.6100,12.1645,124.2400,1733.0000,145.9700
2020-09-14,483.9746,106.8400,200.3900,72.5545,147.7455,252.5300,12.1892,147.3833,1695.0000,142.2500
2020-09-21,464.1547,112.2800,207.8200,71.9530,154.7565,254.8200,12.8737,135.7800,1635.1100,138.8800
2020-09-28,471.5296,113.0200,206.1900,72.7800,156.2500,259.9400,13.0623,138.3633,1668.5000,142.6800
2020-10-05,497.3416,116.9700,215.8100,75.5225,164.3325,264.4500,13.7627,144.6667,1696.0000,145.5400
2020-10-12,513.4741,119.0200,219.6600,78.3850,163.6355,265.9300,13.8115,146.5567,1712.0000,149.8500
2020-10-19,517.6224,115.0400,216.2300,81.6490,160.2200,284.7900,13.5903,140.2100,1715.3300,155.6400
2020-10-26,544.8171,108.8600,202.4700,80.8055,151.8075,263.1100,12.5340,129.3467,1670.0200,172.5500
2020-11-02,566.4808,118.6900,223.7200,87.9865,165.5685,293.4100,14.5620,143.3167,1700.6200,182.8000
2020-11-09,554.9576,119.2600,216.5100,88.6130,156.4405,276.9500,13.2970,136.1667,1705.0000,186.6900
2020-11-16,542.0516,117.3400,210.3900,86.8190,154.9700,269.7000,13.0878,163.2033,1719.9600,194.1500
2020-11-23,537.4423,116.5900,215.2300,89.3510,159.7670,277.8100,13.2612,195.2533,1737.9000,192.9000
2020-11-30,542.5125,122.2500,214.3600,91.1880,158.1290,279.7000,13.5583,199.6800,1793.1100,190.8000
2020-12-07,542.0516,122.4100,213.2600,88.7400,155.8210,273.5500,13.0133,203.3300,1820.0000,191.5000
2020-12-14,534.6768,126.6600,218.5900,86.3110,160.0825,276.4000,13.2720,231.6667,1845.0000,204.6300
2020-12-21,513.9350,131.9700,222.7500,86.7080,158.6345,267.4000,12.9937,220.5900,1830.0000,212.9000
2020-12-28,521.7708,132.6900,222.4200,87.6320,162.8465,273.1600,13.0550,235.2233,1998.0000,226.1600
2021-01-04,528.2238,132.0500,219.6200,89.8915,159.1350,267.5700,13.2767,293.3400,2090.0000,255.4700
2021-01-11,594.5974,127.1400,212.6500,86.3810,155.2125,251.3600,12.8595,275.3867,2082.0000,243.5000
2021-01-18,637.0028,139.0700,225.9500,94.6280,164.6115,274.5000,13.7125,282.2133,2079.9500,239.0900
2021-01-25,628.2452,131.9600,231.9600,91.3680,160.3100,258.3300,12.9897,264.5100,2116.1799,257.7000
2021-02-01,675.7208,136.7600,242.2000,104.4415,167.6075,268.1000,13.5910,284.0767,2313.0000,287.7900
2021-02-08,697.8453,135.3700,244.9900,104.7515,163.8855,270.5000,14.9613,272.0400,2601.0000,313.9900
2021-02-15,683.0956,129.8700,240.9700,104.4405,162.4950,261.5600,14.9265,260.4333,2460.0000,298.0100
2021-02-22,610.7299,121.2600,232.3800,101.0955,154.6465,257.6200,13.7145,225.1667,2122.7800,235.2100
2021-03-01,625.9406,121.4200,231.6000,104.8535,150.0230,264.2800,12.4615,199.3167,2060.1101,217.3600
2021-03-08,599.6676,121.0300,235.7500,102.5000,154.4745,268.4000,12.8560,231.2433,2026.0000,210.6900
2021-03-15,578.9258,119.9900,230.3500,101.3480,153.7480,290.1100,12.8457,218.2900,2010.0000,214.5100
2021-03-22,571.5510,121.2100,236.4800,101.2365,152.6015,283.0200,12.8392,206.2367,2013.0000,224.9100
2021-03-29,602.8941,123.0000,242.3500,106.4890,158.0500,298.6600,13.8118,220.5833,2162.0000,247.9000
2021-04-05,572.0119,133.0000,255.8500,113.5335,168.6100,312.4600,14.4000,225.6733,2020.0000,223.8700
2021-04-12,582.6133,134.1600,260.7400,114.1375,169.9720,306.1800,15.9125,246.5933,2054.9800,236.7100
2021-04-19,582.6133,134.3200,261.1500,114.9965,167.0440,301.1300,15.2653,243.1333,2108.9399,249.6100
2021-04-26,574.3166,131.4600,252.1800,117.6750,173.3710,325.0800,15.0095,236.4800,2006.7800,255.5800
2021-05-03,553.1139,130.2100,252.4600,117.5965,164.5805,319.0800,14.8123,224.1233,1903.0000,237.4000
2021-05-10,537.4423,127.4500,248.1500,113.9190,161.1450,315.9400,14.2430,196.5800,2009.8500,247.8000
2021-05-17,542.5125,125.4300,245.1700,114.7065,160.1540,316.2300,14.9917,193.6267,2042.1000,257.5000
2021-05-24,554.4966,124.6100,249.6800,117.8425,161.1535,328.7300,16.2445,208.4067,2230.0000,274.4900
2021-05-31,563.7152,125.8900,250.7900,119.6785,160.3110,330.3500,17.5783,199.6833,2251.5000,279.6000
2021-06-07,549.4265,127.3500,257.8900,121.5100,167.3415,331.2600,17.8253,203.2967,2178.8101,258.2500
2021-06-14,555.8795,130.4600,259.4300,120.1110,174.3450,329.6600,18.6388,207.7700,2090.9399,232.8000
2021-06-21,551.7311,133.1100,265.0200,122.5085,170.0730,341.3700,19.0310,223.9567,2092.0000,234.9300
2021-06-28,529.6065,139.9600,277.6500,125.2575,175.5490,354.7000,20.4870,226.3000,2013.0000,226.6000
2021-07-05,496.4197,145.1100,277.9400,125.5185,185.9670,350.4200,20.0502,218.9833,1972.1100,216.5100
2021-07-12,519.9271,146.3900,280.7500,126.9700,178.6815,341.1600,18.1610,214.7400,1955.9000,222.2000
2021-07-19,489.5058,148.5600,289.6700,133.0150,182.8320,369.7900,19.5580,214.4600,1900.0000,216.5000
2021-07-26,441.5692,145.8600,284.9100,134.7265,166.3795,356.3000,19.4990,229.0667,1678.9900,171.1000
2021-08-02,418.1541,146.1400,289.4600,135.7385,167.2470,363.5100,20.3660,233.0333,1671.0000,178.5400
2021-08-09,433.4569,149.1000,292.8500,137.7275,164.6985,363.1800,20.1880,239.0567,1700.0400,188.9000
2021-08-16,392.1577,148.1900,304.3600,137.4295,159.9975,359.3700,20.8160,226.7533,1548.0000,161.3800
2021-08-23,429.9539,148.6000,299.7200,144.0040,167.4815,372.6300,22.6360,237.3067,1596.0300,169.3800
2021-08-30,449.8659,154.3000,301.1400,143.7395,173.9025,376.2600,22.8430,244.5233,1658.2200,184.3000
2021-09-06,451.7097,148.9700,295.7100,140.8760,173.4575,378.6900,22.4780,245.4233,1662.5800,187.3900
2021-09-13,425.7133,146.0600,299.8700,140.8000,173.1260,364.7200,21.9000,253.1633,1686.0000,181.9900
2021-09-20,424.2383,146.9200,299.3500,142.2150,171.2760,352.9600,22.0810,258.1300,1694.0000,186.4000
2021-09-27,425.3446,142.6500,289.1000,136.5430,164.1630,343.0100,20.7420,258.4067,1830.0000,221.5800
2021-10-04,444.1505,142.9000,294.8500,139.7855,164.4310,330.0500,20.8310,261.8300,1839.6000,225.3300
2021-10-11,456.8721,144.8400,304.2100,141.3680,170.4510,324.7600,21.8620,281.0100,1916.9700,234.6900
2021-10-18,469.6859,148.6900,309.1600,137.5665,166.7775,324.6100,22.7260,303.2267,1901.0000,231.9100
2021-10-25,443.4130,149.8000,331.6200,148.0460,168.6215,323.5700,25.5670,371.3333,1826.0800,228.9500
2021-11-01,430.8757,151.2800,336.0600,148.8520,175.9495,341.1300,29.7520,407.3633,1819.9399,229.7000
2021-11-08,447.2848,149.9900,336.7200,148.6780,176.2575,340.8900,30.3900,344.4733,1773.7800,210.0000
2021-11-15,457.2408,160.5500,343.1100,148.9265,183.8285,345.3000,32.9850,379.0200,1828.4100,230.5300
2021-11-22,427.1883,156.8100,329.6800,142.1830,175.2280,333.1200,31.5030,360.6400,1941.0100,233.6800
2021-11-29,426.4508,161.8400,323.0100,142.0015,169.4895,306.8400,30.6930,338.3233,1971.8800,252.3000
2021-12-06,427.1883,179.4500,342.5400,148.0015,172.2120,329.7500,30.1980,339.0100,2090.0000,252.1700
2021-12-13,403.7731,171.1400,323.8000,141.7250,170.0175,333.7900,27.8010,310.8567,2050.7000,248.5100
2021-12-20,424.2383,176.2800,334.6900,146.9165,171.0685,335.2400,29.6400,355.6667,2194.0901,261.2000
2021-12-27,421.1040,177.5700,336.3200,144.8520,166.7170,336.3500,29.4110,352.2600,2050.0000,253.8700
2022-01-03,408.3824,172.1700,314.0400,137.0170,162.5540,331.7900,27.2470,342.3200,1942.0000,236.6800
2022-01-10,436.4068,173.0700,310.2000,139.4805,162.1380,331.9000,26.9420,349.8700,1867.0000,227.1500
2022-01-17,450.9549,162.4100,296.0300,130.3515,142.6430,303.1700,23.3740,314.6333,1984.9900,236.8500
2022-01-24,436.8981,170.3300,308.2600,133.3510,143.9780,301.7100,22.8400,282.1167,1887.0000,216.3100
2022-01-31,454.9439,172.3900,305.9400,143.2930,157.6395,237.0900,24.3190,307.7733,1887.0000,216.3100
2022-02-07,453.0444,168.6400,295.0400,134.2825,153.2935,219.5500,23.9490,286.6667,1849.9700,216.1800
2022-02-14,446.3959,167.3000,287.9300,130.4030,152.6015,206.1600,23.6420,285.6600,1907.0000,228.1000
2022-02-21,402.7061,164.8500,297.3100,134.4595,153.7885,210.4800,24.1570,269.9567,1799.0601,215.3000
2022-02-28,382.9507,163.1700,289.8600,131.9065,145.6410,200.0600,22.9360,279.4300,1780.5000,203.2600
2022-03-07,349.3286,154.7300,280.0700,129.8705,145.5245,187.6100,22.1000,265.1167,1769.0100,205.6000
2022-03-14,361.8656,163.9800,300.4300,136.1255,161.2505,216.4900,26.4530,301.7967,1707.7900,203.8800
2022-03-21,338.5011,174.7200,303.6800,141.6730,164.7735,221.8200,27.6920,336.8800,1690.0000,190.2200
2022-03-28,359.7761,174.3100,309.4200,140.1505,163.5600,224.8500,26.7120,361.5300,1780.0100,190.7000
2022-04-04,351.0381,170.0900,296.9700,133.2875,154.4605,222.3300,23.1190,341.8300,1784.0000,188.6700
2022-04-11,355.5971,165.2900,279.8300,126.7300,151.7065,210.1800,21.2580,328.3333,1805.9900,208.5000
2022-04-18,323.4946,161.7900,274.0300,119.6355,144.3500,184.1100,19.5150,335.0167,1773.0000,201.2000
2022-04-25,358.4464,157.6500,277.5200,114.1095,124.2815,200.4700,18.5470,290.2533,1828.3800,210.7300
2022-05-02,331.6627,157.2800,274.7300,115.7465,114.7725,203.7700,18.6750,288.5500,1793.0000,199.9300
2022-05-09,336.6015,147.1100,261.1200,116.0505,113.0550,198.6200,17.7060,256.5300,1778.2400,204.5500
2022-05-16,334.5120,137.5900,252.5600,108.9080,107.5910,193.5400,16.6940,221.3000,1800.0100,209.0200
2022-05-23,324.6343,149.6400,273.2400,112.3165,115.1465,195.1300,18.8110,253.2100,1755.1600,197.4000
2022-05-30,340.9705,145.3800,270.0200,114.5410,122.3500,190.7800,18.7200,234.5167,1786.0000,210.3300
2022-06-06,376.4922,137.1300,252.9900,111.1615,109.6500,175.5700,16.9740,232.2300,1900.6000,219.1000
2022-06-13,350.8482,131.5600,247.6500,107.1435,106.2200,163.7400,15.8800,216.7600,1951.0000,223.0000
2022-06-20,364.9049,141.6600,267.7000,117.9750,116.4600,170.1600,17.1260,245.7067,2009.0100,230.0000
2022-06-27,336.6015,138.9300,259.5800,108.7375,109.5600,160.0300,14.5230,227.2633,2029.0500,245.5500
2022-07-04,334.8919,147.0400,267.6600,119.3535,115.5400,170.8800,15.8380,250.7633,1999.0000,240.9700
2022-07-11,308.6780,150.1700,256.7200,111.7775,113.5500,164.7000,15.7620,240.0667,1949.5000,237.6000
2022-07-18,315.3265,154.0900,260.3600,107.9000,122.4200,169.2700,17.3190,272.2433,1947.0000,232.5000
2022-07-25,291.3921,162.5100,280.7400,116.3200,134.9500,159.1000,18.1630,297.1500,1898.4399,222.2000
2022-08-01,292.1519,165.3500,282.9100,117.4700,140.8000,167.1100,18.9890,288.1700,1923.9600,225.4800
2022-08-08,288.9226,172.1000,291.9100,121.6800,143.5500,180.5000,18.7090,300.0300,1928.0000,224.6800
2022-08-15,299.1802,171.5200,286.1500,117.2100,138.2300,167.9600,17.8490,296.6667,1895.0100,216.3000
2022-08-22,307.9182,163.6200,268.0900,110.3400,130.7500,161.7800,16.2600,288.0900,1898.0000,223.2700
2022-08-29,312.0972,155.8100,256.0600,107.8500,127.5100,160.3200,13.6470,270.2100,1875.0000,225.5000
2022-09-05,291.5820,157.3700,264.4600,110.6500,133.2700,169.1500,14.3870,299.6800,1844.7900,224.7000
2022-09-12,278.4751,150.7000,244.7400,102.8000,123.5300,146.2900,13.1980,303.3500,1859.0000,218.0000
2022-09-19,261.1891,150.4300,237.9200,98.7400,113.7800,140.4100,12.5160,275.3300,1834.4301,220.8700
2022-09-26,253.0210,138.2000,232.9000,95.6500,113.0000,135.6800,12.1390,265.2500,1872.5000,230.6600
2022-10-03,257.0101,140.0900,234.2400,98.6800,114.5600,133.4500,12.0760,223.0700,1872.5000,230.6600
2022-10-10,236.6848,138.3800,228.5600,96.5600,106.9000,126.7600,11.2270,204.9900,1737.6100,212.2200
2022-10-17,221.1084,147.2700,242.1200,101.1300,119.3200,130.0100,12.4660,214.4400,1624.0000,191.9700
2022-10-24,190.7155,155.7400,235.8700,96.2900,103.4100,99.2000,13.8340,228.5200,1360.0000,160.3400
2022-10-31,226.6172,138.3800,221.3900,86.5800,90.9800,90.7900,14.1560,207.4700,1516.5699,183.7600
2022-11-07,245.4228,149.7000,247.1100,96.4100,100.7900,113.0200,16.3270,195.9700,1528.1500,186.2900
2022-11-14,273.3463,151.2900,241.2200,97.4300,94.1400,112.0500,15.4090,180.1900,1567.1300,185.2300
2022-11-21,259.2896,148.1100,247.4900,97.4600,93.4100,111.4100,16.2700,182.8600,1522.0100,173.3700
2022-11-28,281.1345,147.8100,255.0200,100.4400,94.1300,123.4900,16.8760,194.8600,1633.8800,192.7600
2022-12-05,309.2479,142.1600,245.4200,92.8300,89.0900,115.9000,17.0010,179.0500,1730.0000,212.8800
2022-12-12,300.8899,134.5100,244.6900,90.2600,87.8600,119.4300,16.5710,150.2300,1786.8700,222.9900
2022-12-19,304.1191,131.8600,238.7300,89.2300,85.2500,118.0400,15.2060,123.1500,1771.0000,221.1800
2022-12-26,317.2260,129.9300,239.8200,88.2300,84.0000,120.3400,14.6140,123.1800,1727.0000,224.2800
2023-01-02,349.4000,129.6200,224.9300,87.3400,86.0800,130.0200,14.8590,113.0600,1803.7700,234.5700
2023-01-09,371.4000,134.7600,239.2300,92.1200,98.1200,136.9800,16.8990,122.4000,1887.0000,244.3000
2023-01-16,391.8000,137.8700,240.2200,98.0200,97.2500,139.3700,17.8390,133.4200,1860.0100,247.8000
2023-01-23,415.0000,145.9300,248.1600,99.3700,102.2400,151.7400,20.3650,177.9000,1860.0100,247.8000
2023-01-30,385.0000,154.5000,258.3500,104.7800,103.3900,186.5300,21.1000,189.9800,1818.0000,235.3000
2023-02-06,383.4000,151.0100,263.1000,94.5700,97.6100,174.1500,21.2650,196.8900,1810.0000,247.0000
2023-02-13,373.8000,152.5500,258.0600,94.3500,97.2000,172.8800,21.3880,208.3100,1820.7800,251.4000
2023-02-20,349.4000,146.7100,249.2200,89.1300,93.5000,170.3900,23.2860,196.8800,1788.0000,248.6000
2023-02-27,367.6000,151.0300,255.2900,93.6500,94.9000,185.2500,23.8900,197.7900,1818.0400,254.5000
2023-03-06,331.6000,148.5000,248.5900,90.6300,90.7300,179.5100,22.9650,173.4400,1750.0000,237.9800
2023-03-13,339.4000,155.0000,279.4300,101.6200,98.9500,195.6100,25.7250,180.1300,1742.0000,235.7200
2023-03-20,376.8000,160.2500,280.5700,105.4400,98.1300,206.0100,26.7790,190.4100,1778.6200,245.6500
2023-03-27,385.8000,164.9000,288.3000,103.7300,103.2900,211.9400,27.7770,207.4600,1820.0000,254.7900
2023-04-03,385.4000,164.6600,291.6000,108.4200,102.0600,216.1000,27.0370,185.0600,1790.9900,249.0000
2023-04-10,365.4000,165.2100,286.1400,108.8700,102.5100,221.4900,26.7580,185.0000,1713.4200,229.5500
2023-04-17,349.2000,165.0200,285.7600,105.4100,106.9600,212.8900,27.1190,165.0800,1725.4700,229.1200
2023-04-24,344.4000,169.6800,307.2600,107.3400,105.4500,240.3200,27.7490,164.3100,1760.5200,226.2400
2023-05-01,342.8000,173.5700,310.6500,105.5700,105.6600,232.7800,28.6800,170.0600,1750.0000,223.7900
2023-05-08,328.2000,172.5700,308.9700,117.5100,110.2600,233.8100,28.3400,167.9800,1706.4000,213.8200
2023-05-15,333.2000,175.1600,318.3400,122.7600,116.2500,245.6400,31.2640,180.1400,1699.5000,213.1500
2023-05-22,322.4000,175.4300,332.8900,124.6100,120.1100,262.0400,38.9460,193.1700,1690.5601,214.1300
2023-05-29,334.2000,180.9500,335.4000,124.6700,124.2500,272.6100,39.3270,213.9700,1670.6000,212.2200
2023-06-05,336.0000,180.9600,326.7900,122.2300,123.4300,264.9500,38.7700,244.4000,1666.0000,205.9400
2023-06-12,363.0000,184.9200,342.3300,123.5300,125.4900,281.0000,42.6920,260.5400,1797.6899,232.6000
2023-06-19,337.0000,186.6800,335.0200,122.3400,129.3300,288.7300,42.2090,256.6000,1735.8300,219.9000
2023-06-26,331.6000,193.9700,340.5400,119.7000,130.3600,286.9800,42.3020,261.7700,1691.0000,209.5700
2023-07-03,326.6000,190.6800,337.2200,119.4800,129.7800,290.5300,42.5030,274.4300,1690.0300,211.3500
2023-07-10,352.6000,190.6900,345.2400,125.4200,134.6800,308.8700,45.4690,281.3800,1753.0000,228.9900
2023-07-17,333.0000,191.9400,343.7700,120.0200,130.0000,294.2600,44.3090,260.0200,1771.3000,226.9500
2023-07-24,350.4000,195.8300,338.3700,132.5800,132.2100,325.4800,46.7500,266.4400,1897.0000,244.9700
2023-07-31,343.4000,181.9900,327.7800,128.1100,139.5700,310.7300,44.6800,253.8600,1893.4700,239.9000
2023-08-07,335.8000,177.7900,321.0100,129.5600,138.4100,301.6400,40.8550,242.6500,1834.0000,232.6800
2023-08-14,325.0000,174.4900,316.4800,127.4600,133.2200,283.2500,43.2990,215.4900,1802.5900,229.7000
2023-08-21,320.0000,178.6100,322.9800,129.8800,133.2600,285.5000,46.0180,238.5900,1824.9800,231.6000
2023-08-28,325.0000,189.4600,328.6600,135.6600,138.1200,296.3800,48.5090,245.0100,1851.0500,237.8000
2023-09-04,322.0000,178.1800,334.2700,136.3800,138.2300,297.8900,45.5720,248.5000,1818.5000,233.3000
2023-09-11,317.2000,175.0100,330.2200,137.4000,140.3900,300.3100,43.9000,274.3900,1781.9900,226.6000
2023-09-18,313.6000,174.7900,317.0100,130.2500,129.1200,299.0800,41.6100,244.8800,1849.0000,227.0000
2023-09-25,306.2000,171.2100,315.7500,130.8600,127.1200,300.2100,43.4990,250.2200,1798.5500,216.6500
2023-10-02,305.2000,177.4900,327.2600,137.5800,127.9600,315.4300,45.7620,260.5300,1798.5500,216.6500
2023-10-09,306.8000,178.8500,327.7300,137.3600,129.7900,314.6900,45.4610,251.1200,1751.0000,205.1500
2023-10-16,289.0000,172.8800,326.6700,135.6000,125.1700,308.6500,41.3870,211.9900,1645.0000,197.0000
2023-10-23,292.8000,168.2200,329.8100,122.1700,127.7400,296.7300,40.5000,207.3000,1676.7100,208.9600
2023-10-30,302.6000,176.6500,352.8000,129.1000,138.6000,314.6000,45.0050,219.9600,1811.2400,221.2800
2023-11-06,302.8000,186.4000,369.6700,132.5900,143.5600,328.7700,48.3350,214.6500,1775.8400,212.0700
2023-11-13,315.2000,189.6900,369.8500,135.3100,145.1800,335.0400,49.2980,234.3000,1753.4200,208.3000
2023-11-20,321.2000,189.9700,377.4300,136.6900,146.7400,338.2300,47.7760,235.4500,1777.0000,210.3600
2023-11-27,319.0000,191.2400,374.5100,131.8600,147.0300,324.8200,46.7650,238.8300,1760.2800,202.0000
2023-12-04,305.6000,195.7100,374.2300,134.9900,147.4200,332.7500,47.5060,243.8400,1704.9200,190.0000
2023-12-11,314.4000,197.5700,370.7300,132.6000,149.9700,334.9200,48.8900,253.5000,1645.0000,172.0500
2023-12-18,274.0000,193.6000,374.5800,141.4900,153.4200,353.3900,48.8300,252.5400,1670.6500,170.4800
2023-12-25,293.6000,192.5300,376.0400,139.6900,151.9400,353.9600,49.5220,248.4800,1726.0000,179.4200
2024-01-01,292.2000,181.1800,367.7500,135.7300,145.2400,351.9500,49.0970,237.4900,1663.3600,163.1000
2024-01-08,288.4000,185.9200,388.4700,142.6500,154.6200,374.4900,54.7100,218.8900,1643.0601,159.4800
2024-01-15,271.2000,191.5600,398.6700,146.3800,155.3400,383.4500,59.4910,212.1900,1635.0000,157.8000
2024-01-22,282.8000,192.4200,403.9300,152.1900,159.1200,394.1400,61.0310,183.2500,1637.3199,155.1800
2024-01-29,279.4000,185.8500,411.2200,142.3800,171.8100,474.9900,66.1600,187.9100,1596.0000,144.2100
2024-02-05,287.2000,188.8500,420.5500,149.0000,174.4500,468.1100,72.1330,193.5700,1706.0000,153.6600
2024-02-19,290.8000,182.5200,410.3400,143.9600,174.9900,484.0300,78.8170,191.9700,1714.0900,169.0000
2024-02-26,277.4000,179.6600,415.5000,137.1400,178.2200,502.3000,82.2790,202.6400,1685.0601,175.8200
2024-03-04,270.0000,170.7300,406.2200,135.4100,175.3500,505.9500,87.5280,175.3400,1671.4301,165.8300
2024-03-11,283.8000,172.6200,416.4200,141.1800,174.4200,484.1000,87.8370,163.5700,1717.4900,187.6000
2024-03-18,288.8000,172.2800,428.7400,150.7700,178.8700,509.5800,94.2890,170.8300,1701.3500,183.1400
2024-03-25,303.8000,171.4800,420.7200,150.9300,180.3800,485.5800,90.3560,175.7900,1702.9000,184.5900
2024-04-01,310.0000,169.5800,425.5200,152.5000,185.0700,527.3400,88.0080,164.9000,1715.1100,192.5700
2024-04-08,309.6000,176.5500,421.9000,157.7300,186.1300,511.9000,88.1860,171.0500,1634.0300,170.8600
2024-04-15,303.8000,165.0000,399.1200,154.0900,174.6300,481.0700,76.2000,147.0500,1646.6400,175.6800
2024-04-22,348.4000,169.3000,406.3200,171.9500,179.6200,443.2900,87.7350,168.2900,1709.4301,186.4200
2024-04-29,364.4000,183.3800,406.6600,167.2400,186.2100,451.9600,88.7890,181.1900,1705.0000,186.1000
2024-05-06,371.0000,183.0500,414.7400,168.6500,187.4800,476.2000,89.8780,168.4700,1738.9800,186.9400
2024-05-13,395.0000,189.8700,420.2100,176.0600,184.7000,471.9100,92.4790,177.4600,1715.0000,189.8500
2024-05-20,377.0000,189.9800,430.1600,174.9900,180.7500,478.2200,106.4690,179.2400,1677.0800,181.3000
2024-05-27,359.8000,192.2500,415.1300,172.5000,176.4400,466.8300,109.6330,178.0800,1648.4500,174.8500
2024-06-03,374.8000,196.8900,423.8500,174.4600,184.3000,492.9600,120.8880,177.4800,1619.1801,166.1800
2024-06-10,379.8000,212.4900,442.5700,176.7900,183.6600,504.1600,131.8800,178.0100,1555.0000,156.0000
2024-06-17,381.4000,207.4900,449.7800,179.6300,189.0800,494.7800,126.5700,183.0100,1471.0000,150.0900
2024-06-24,372.4000,210.6200,446.9500,182.1500,193.2500,504.2200,123.5400,197.8800,1467.3900,143.4900
2024-07-01,379.8000,226.3400,467.5600,190.6000,200.0000,539.9100,125.8300,251.5200,1485.7400,137.3700
2024-07-08,397.0000,230.5400,453.5500,185.0700,194.4900,498.8700,129.2400,248.2300,1478.8199,136.8800
2024-07-15,364.0000,224.3100,437.1100,177.6600,183.1300,476.7900,117.9300,239.2000,1525.6200,146.9800
2024-07-22,354.4000,217.9600,425.2700,167.0000,182.5000,465.7000,113.0600,219.8000,1422.1899,129.8300
2024-07-29,358.2000,219.8600,408.4900,166.6600,167.9000,488.1400,107.2700,207.6700,1385.4500,123.3500
2024-08-05,370.0000,216.2400,406.0200,163.6700,166.9400,517.7700,104.7500,200.0000,1436.8000,129.1500
2024-08-12,372.6000,226.0500,418.4700,162.9600,177.0600,527.4200,124.5800,216.1200,1431.2000,125.2500
2024-08-19,375.6000,226.8400,416.7900,165.6200,177.0400,528.0000,129.3700,220.3200,1414.9900,118.2100
2024-08-26,382.0000,229.0000,417.1400,163.3800,178.5000,521.3100,119.3700,214.1100,1443.1899,119.2800
2024-09-02,373.2000,220.8200,401.7000,150.9200,171.3900,500.2700,102.8300,210.7300,1398.0000,110.6000
2024-09-09,374.8000,222.5000,430.5900,157.4600,186.4900,524.6200,119.1000,230.2900,1304.1300,100.8200
2024-09-16,388.6000,228.2000,435.2700,163.5900,191.6000,561.3500,116.0000,238.2500,1263.9200,101.3700
2024-09-23,437.8000,227.7900,428.0200,163.9500,187.9700,567.3600,121.4000,260.4600,1629.2000,136.0900
2024-09-30,477.6000,226.8000,416.0600,167.0600,186.5100,595.9400,124.9200,250.0800,1748.0000,149.7000
2024-10-07,438.8000,227.5500,416.3200,163.2400,188.8200,589.9500,134.8000,217.8000,1604.9900,141.3800
2024-10-14,430.8000,235.0000,418.1600,163.4200,188.9900,576.4700,138.0000,220.7000,1541.0000,135.2400
2024-10-21,421.0000,231.4100,428.1500,165.2700,187.8300,573.2500,141.5400,269.1900,1558.8500,136.6200
2024-10-28,419.2000,222.9100,410.3700,171.2900,197.9300,567.1600,135.4000,248.9800,1533.7500,136.5300
2024-11-04,420.8000,226.9600,422.5400,178.3500,208.1800,589.3400,147.6300,321.2200,1609.9700,151.0000
2024-11-11,401.0000,225.0000,415.0000,172.4900,202.6100,554.0800,141.9800,320.7200,1559.0000,144.1000
2024-11-18,400.6000,229.8700,417.0000,164.7600,197.1200,559.1400,141.9500,352.5600,1507.8199,136.2900
2024-11-25,398.0000,237.3300,423.4600,168.9500,207.8900,574.3200,138.2500,345.1600,1525.7400,138.7300
2024-12-02,412.6000,242.8400,443.5700,174.7100,227.0300,623.7700,142.4400,389.2200,1521.0100,138.2100
2024-12-09,409.8000,248.1300,447.2700,189.8200,227.4600,620.3500,134.2500,436.2300,1519.0000,137.7900
2024-12-16,426.4000,254.4900,436.6000,191.4100,224.9200,585.2500,134.7000,421.0600,1522.0000,130.3200
2024-12-23,417.4000,255.5900,430.5300,192.7600,223.7500,599.8100,137.0100,431.6600,1528.9700,129.5500
2024-12-30,414.2000,243.3600,423.3500,191.7900,224.1900,604.6300,144.4700,410.4400,1475.0000,119.7400
2025-01-06,369.6000,236.8500,418.9500,192.0400,218.9400,615.8600,135.9100,394.7400,1436.0000,113.3400
2025-01-13,379.8000,229.9800,429.0300,196.0000,225.9400,612.7700,137.7100,426.5000,1454.7500,118.7000
2025-01-20,390.6000,222.7800,444.0600,200.2100,234.8500,647.4900,142.6200,406.5800,1436.0000,114.8700
2025-01-27,402.0000,236.0000,415.0600,204.0200,237.6800,689.1800,120.0700,404.6000,1434.9900,115.5500
2025-02-03,428.2000,227.6300,409.7500,185.3400,229.1500,714.5200,129.8400,361.6200,1436.0000,115.5000
2025-02-10,474.8000,244.6000,408.4300,185.2300,228.6800,736.6700,138.8500,355.8400,1475.0000,119.8600
2025-02-17,517.0000,245.5500,408.2100,179.6600,216.5800,683.5500,134.4300,337.8000,1488.2100,119.0800
2025-02-24,478.6000,241.8400,396.9900,170.2800,212.2800,668.2000,124.9200,292.9800,1500.7900,126.4600
2025-03-03,533.5000,239.0700,393.3100,173.8600,199.2500,625.6600,112.6900,262.6700,1521.0000,131.4100
2025-03-10,521.5000,213.4900,388.5600,165.4900,197.9500,607.6000,121.6700,249.9800,1628.0100,143.6100
2025-03-17,511.5000,218.2700,391.2600,163.9900,196.2100,596.2500,117.7000,248.7100,1573.7500,130.6800
2025-03-24,509.5000,217.9000,378.8000,154.3300,192.7200,576.7400,109.6700,263.5500,1585.2100,132.3000
2025-03-31,497.8000,188.3800,359.8400,145.6000,171.0000,504.7300,94.3100,239.4300,1568.8800,132.5800
2025-04-07,443.4000,198.1500,388.4500,157.1400,184.8700,543.5700,110.9300,252.3100,1568.9800,130.1700
2025-04-14,458.0000,196.9800,367.7800,151.1600,172.6100,501.4800,101.4900,241.3700,1565.9399,131.8000
2025-04-21,478.2000,209.2800,391.8500,161.9600,188.9900,547.2700,111.0100,284.9500,1550.0000,125.3600
2025-04-28,487.8000,205.3500,435.2800,164.0300,189.9800,597.0200,114.5000,287.2100,1547.0000,123.7400
2025-05-05,494.6000,198.5300,438.7300,152.7500,193.0600,592.4900,116.6500,298.2600,1591.1801,126.3600
2025-05-12,508.0000,211.2600,454.2700,166.1900,205.5900,640.3400,135.4000,349.9800,1614.1300,126.2900
2025-05-19,518.0000,195.2700,450.1800,168.4700,200.9900,627.0600,131.2900,339.3400,1572.6000,121.8400
2025-05-26,498.2000,200.8500,460.3600,171.7400,205.0100,647.4900,135.1300,346.4600,1522.0000,116.9200
2025-06-02,515.0000,203.9200,470.3800,173.6800,213.5700,697.7100,141.7200,295.1400,1506.3900,116.1400
2025-06-09,510.0000,196.4500,474.9600,174.6700,212.1000,682.8700,141.9700,325.3100,1426.9500,109.0800
2025-06-16,505.5000,201.0000,477.4000,166.6400,209.6900,682.3500,143.8500,322.1600,1428.6600,114.1000
2025-06-23,513.0000,201.0800,495.9400,178.5300,223.3000,733.6300,157.7500,323.6300,1403.0900,112.8200
2025-06-30,496.8000,213.5500,498.8400,179.5300,223.4100,719.0100,159.3400,315.3500,1422.2200,113.9300
2025-07-07,496.6000,211.1600,503.3200,180.1900,225.0200,717.5100,164.9200,313.5100,1427.0000,119.1000
2025-07-14,519.0000,211.1800,510.0500,185.0600,226.1300,704.2800,172.4100,329.6500,1437.0000,124.8000
2025-07-21,550.5000,213.8800,513.7100,193.1800,231.4400,712.6800,173.5000,316.0600,1455.0000,124.8300
2025-07-28,535.0000,202.3800,524.1100,189.1300,214.7500,750.0100,173.7200,302.6300,1417.0000,123.0600
2025-08-04,561.0000,229.3500,522.0400,201.4200,222.6900,769.3000,182.7000,329.6500,1420.9700,122.1500
2025-08-11,592.0000,231.5900,520.1700,203.9000,231.0300,785.2300,180.4500,330.5600,1422.0800,124.7000
2025-08-18,600.0000,227.7600,507.2300,206.0900,228.8400,754.7900,177.9900,340.0100,1463.9500,130.6900
2025-08-25,596.5000,232.1400,506.6900,212.9100,229.0000,738.7000,174.1800,333.8700,1480.0000,137.1900
2025-09-01,605.5000,239.6900,495.0000,235.0000,232.3300,752.4500,167.0200,350.8400,1483.0000,135.9000
2025-09-08,643.5000,234.0700,509.9000,240.8000,228.1500,755.5900,177.8200,395.9400,1516.0000,139.0000
2025-09-15,642.5000,245.5000,517.9300,254.7200,231.4800,778.3800,176.6700,426.0700,1467.9700,134.8500
2025-09-22,644.0000,255.4600,511.4600,246.5400,219.7800,743.7500,178.1900,440.4000,1435.0000,127.5800
2025-09-29,673.5000,258.0200,517.3500,245.3500,219.5100,710.5600,187.6200,429.8300,1443.9900,131.9200
2025-10-06,651.5000,245.2700,510.9600,236.5700,216.3700,705.3000,183.1600,413.4900,1430.0000,128.8700
2025-10-13,608.0000,252.2900,513.5800,253.3000,213.0400,716.9200,183.2200,439.3100,1455.0000,135.0000
2025-10-20,637.5000,262.8200,523.6100,259.9200,224.2100,738.3600,186.2600,433.7200,1450.0000,130.2400
2025-10-27,629.0000,270.3700,517.8100,281.1900,244.2200,648.3500,202.4900,456.5600,1430.0100,134.5400
2025-11-03,634.0000,268.4700,496.8200,278.8300,244.4100,621.7100,188.1500,429.5200,1433.3300,131.6500
2025-11-10,641.0000,272.4100,510.1800,276.4100,234.6900,609.4600,190.1700,404.3500,1456.6000,139.6200
2025-11-17,610.0000,271.4900,472.1200,299.6600,220.6900,594.2500,178.8800,391.0900,1466.6000,134.2000
2025-11-24,611.5000,278.8500,492.0100,320.1800,233.2200,647.9500,177.0000,430.1700,1450.5000,135.8800
2025-12-01,610.0000,278.7800,483.1600,321.2700,229.5300,673.4200,182.4100,455.0000,1430.0100,128.3500
2025-12-08,616.0000,278.2800,478.5300,309.2900,226.1900,644.2300,175.0200,458.9600,1420.6500,122.9800
2025-12-15,614.0000,273.6700,485.9200,307.1600,227.3500,658.7700,180.9900,481.2000,1410.0000,122.0900
2025-12-22,602.5000,273.4000,487.7100,313.5100,232.5200,663.2900,190.5300,475.1900,1414.1300,119.3900
2025-12-29,623.0000,271.0100,472.9400,315.1500,226.5000,650.4100,188.8500,438.0700,1377.1801,116.2200
2026-01-05,611.0000,259.3700,479.2800,328.5700,247.3800,653.0600,184.8600,445.0100,1419.1000,116.8600
2026-01-12,617.5000,255.5300,459.8600,330.0000,239.1200,620.2500,186.2300,437.5000,1382.0000,114.2800
2026-01-19,595.0000,248.0400,465.9500,327.9300,239.1600,658.7600,187.6700,449.0600,1337.0000,112.0400
2026-01-26,606.0000,259.4800,430.2900,338.0000,239.3000,716.5000,191.1300,430.4100,1401.0000,120.9000
2026-02-02,547.5000,278.1200,401.1400,322.8600,210.3200,661.4600,185.4100,411.1100,1515.0100,122.8300
2026-02-09,532.0000,255.7800,401.3200,305.7200,198.7900,639.7700,182.8100,417.4400,1485.3000,116.2500
2026-02-16,522.0000,264.5800,397.2300,314.9800,210.1100,655.6600,189.8200,411.8200,1485.3000,116.2500
2026-02-23,518.0000,264.1800,392.7400,311.7600,210.0000,648.1800,177.1900,402.5100,1455.0200,110.5000
2026-03-02,519.0000,257.4600,408.9600,298.5200,213.2100,644.8600,177.8200,396.7300,1402.0000,105.9800
2026-03-09,547.5000,250.1200,395.5500,302.2800,207.6700,613.7100,180.2500,391.2000,1413.6400,107.8600
2026-03-16,508.0000,247.9900,381.8700,301.0000,205.3700,593.6600,172.7000,367.9600,1445.0000,105.2000
2026-03-23,493.4000,248.8000,356.7700,274.3400,199.3400,525.7200,167.5200,361.8300,1416.0200,103.7800
2026-03-30,489.2000,255.9200,373.4600,295.7700,209.7700,574.4600,177.3900,360.5900,1460.0000,104.2700
2026-04-06,504.5000,260.4800,370.8700,317.2400,238.3800,629.8600,188.6300,348.9500,1453.9600,102.5100
2026-04-13,510.5000,270.2300,422.7900,341.6800,250.5600,688.5500,201.6800,400.6200,1407.2400,101.2000
2026-04-20,493.4000,271.0600,424.6200,344.4000,263.9900,675.0300,208.2700,376.3000,1458.4900,102.6300
2026-04-30,467.8000,285.0650,416.5150,384.4475,270.3350,610.5050,199.1700,394.7300,1384.7900,100.1000
